{"version":1,"screenWidth":1024,"screenHeight":768,"dumbScenario":{"scenario":{"id":11,"name":"_chain_story","repeatCount":1,"isRepeatInfinite":true,"maxDurationMin":1,"isDurationInfinite":true,"randomize":true},"dumbActions":[{"id":244,"dumbScenarioId":11,"priority":80,"name":"Wait 10 min","type":"PAUSE","pauseDuration":600000},{"id":270,"dumbScenarioId":11,"priority":1,"name":"Wait 4s","type":"PAUSE","pauseDuration":4000},{"id":271,"dumbScenarioId":11,"priority":2,"name":"Click bill play","type":"CLICK","repeatCount":1,"isRepeatInfinite":false,"repeatDelay":30,"pressDuration":50,"x":405,"y":698},{"id":272,"dumbScenarioId":11,"priority":3,"name":"Wait 60s","type":"PAUSE","pauseDuration":60000},{"id":273,"dumbScenarioId":11,"priority":4,"name":"Click bill $ repeat","type":"CLICK","repeatCount":500,"isRepeatInfinite":false,"repeatDelay":30,"pressDuration":50,"x":482,"y":402},{"id":274,"dumbScenarioId":11,"priority":5,"name":"Wait 4s","type":"PAUSE","pauseDuration":4000},{"id":275,"dumbScenarioId":11,"priority":6,"name":"Click bill close game","type":"CLICK","repeatCount":1,"isRepeatInfinite":false,"repeatDelay":30,"pressDuration":50,"x":261,"y":54},{"id":276,"dumbScenarioId":11,"priority":7,"name":"Wait 4s","type":"PAUSE","pauseDuration":4000},{"id":277,"dumbScenarioId":11,"priority":10,"name":"Click bill close bot","type":"CLICK","repeatCount":1,"isRepeatInfinite":false,"repeatDelay":30,"pressDuration":50,"x":374,"y":54},{"id":278,"dumbScenarioId":11,"priority":11,"name":"Wait 4s","type":"PAUSE","pauseDuration":4000},{"id":279,"dumbScenarioId":11,"priority":12,"name":"Click bird bot","type":"CLICK","repeatCount":1,"isRepeatInfinite":false,"repeatDelay":30,"pressDuration":50,"x":141,"y":384},{"id":280,"dumbScenarioId":11,"priority":13,"name":"Waitc2s","type":"PAUSE","pauseDuration":4000},{"id":281,"dumbScenarioId":11,"priority":14,"name":"Click bird ctart game","type":"CLICK","repeatCount":1,"isRepeatInfinite":false,"repeatDelay":30,"pressDuration":50,"x":411,"y":697},{"id":282,"dumbScenarioId":11,"priority":15,"name":"Wait 10s","type":"PAUSE","pauseDuration":10000},{"id":284,"dumbScenarioId":11,"priority":17,"name":"Wait 4s","type":"PAUSE","pauseDuration":4000},{"id":285,"dumbScenarioId":11,"priority":16,"name":"Click bird menu bonus","type":"CLICK","repeatCount":1,"isRepeatInfinite":false,"repeatDelay":30,"pressDuration":50,"x":717,"y":679},{"id":287,"dumbScenarioId":11,"priority":18,"name":"Click bird bonus","type":"CLICK","repeatCount":1,"isRepeatInfinite":false,"repeatDelay":30,"pressDuration":50,"x":516,"y":615},{"id":288,"dumbScenarioId":11,"priority":19,"name":"Wait 4s","type":"PAUSE","pauseDuration":4000},{"id":289,"dumbScenarioId":11,"priority":20,"name":"Click bird close game","type":"CLICK","repeatCount":1,"isRepeatInfinite":false,"repeatDelay":30,"pressDuration":50,"x":260,"y":56},{"id":290,"dumbScenarioId":11,"priority":21,"name":"Wait 4s","type":"PAUSE","pauseDuration":4000},{"id":291,"dumbScenarioId":11,"priority":22,"name":"Click bird close bot","type":"CLICK","repeatCount":1,"isRepeatInfinite":false,"repeatDelay":30,"pressDuration":50,"x":377,"y":55},{"id":292,"dumbScenarioId":11,"priority":23,"name":"Wait 4s","type":"PAUSE","pauseDuration":4000},{"id":293,"dumbScenarioId":11,"priority":24,"name":"Click wemine bot","type":"CLICK","repeatCount":1,"isRepeatInfinite":false,"repeatDelay":30,"pressDuration":50,"x":134,"y":460},{"id":294,"dumbScenarioId":11,"priority":25,"name":"Wait 2","type":"PAUSE","pauseDuration":4000},{"id":295,"dumbScenarioId":11,"priority":26,"name":"Click wemine  start game","type":"CLICK","repeatCount":1,"isRepeatInfinite":false,"repeatDelay":30,"pressDuration":50,"x":388,"y":698},{"id":296,"dumbScenarioId":11,"priority":27,"name":"Wait 30s","type":"PAUSE","pauseDuration":30000},{"id":297,"dumbScenarioId":11,"priority":28,"name":"Click wemine claim","type":"CLICK","repeatCount":1,"isRepeatInfinite":false,"repeatDelay":30,"pressDuration":50,"x":465,"y":613},{"id":298,"dumbScenarioId":11,"priority":29,"name":"Wait 2","type":"PAUSE","pauseDuration":4000},{"id":299,"dumbScenarioId":11,"priority":30,"name":"Click wemine close game","type":"CLICK","repeatCount":1,"isRepeatInfinite":false,"repeatDelay":30,"pressDuration":50,"x":262,"y":55},{"id":300,"dumbScenarioId":11,"priority":31,"name":"Wait 2","type":"PAUSE","pauseDuration":4000},{"id":301,"dumbScenarioId":11,"priority":32,"name":"Click wemine close bot","type":"CLICK","repeatCount":1,"isRepeatInfinite":false,"repeatDelay":30,"pressDuration":50,"x":376,"y":56},{"id":302,"dumbScenarioId":11,"priority":33,"name":"Wait 2","type":"PAUSE","pauseDuration":4000},{"id":305,"dumbScenarioId":11,"priority":8,"name":"Click bill close anyway","type":"CLICK","repeatCount":1,"isRepeatInfinite":false,"repeatDelay":30,"pressDuration":50,"x":699,"y":423},{"id":306,"dumbScenarioId":11,"priority":9,"name":"Wait 2","type":"PAUSE","pauseDuration":4000},{"id":309,"dumbScenarioId":11,"priority":34,"name":"Click midas bot","type":"CLICK","repeatCount":1,"isRepeatInfinite":false,"repeatDelay":30,"pressDuration":50,"x":147,"y":531},{"id":310,"dumbScenarioId":11,"priority":35,"name":"Wait 4s","type":"PAUSE","pauseDuration":4000},{"id":311,"dumbScenarioId":11,"priority":36,"name":"Click midas game","type":"CLICK","repeatCount":1,"isRepeatInfinite":false,"repeatDelay":30,"pressDuration":50,"x":405,"y":698},{"id":312,"dumbScenarioId":11,"priority":37,"name":"Wait 20s","type":"PAUSE","pauseDuration":40000},{"id":313,"dumbScenarioId":11,"priority":38,"name":"Click midas continue","type":"CLICK","repeatCount":1,"isRepeatInfinite":false,"repeatDelay":30,"pressDuration":50,"x":378,"y":680},{"id":314,"dumbScenarioId":11,"priority":39,"name":"Wait 4s","type":"PAUSE","pauseDuration":4000},{"id":315,"dumbScenarioId":11,"priority":40,"name":"Click midas close game","type":"CLICK","repeatCount":1,"isRepeatInfinite":false,"repeatDelay":30,"pressDuration":50,"x":261,"y":53},{"id":316,"dumbScenarioId":11,"priority":41,"name":"Wait 4s","type":"PAUSE","pauseDuration":4000},{"id":317,"dumbScenarioId":11,"priority":42,"name":"Click midas close bot","type":"CLICK","repeatCount":1,"isRepeatInfinite":false,"repeatDelay":30,"pressDuration":50,"x":378,"y":58},{"id":318,"dumbScenarioId":11,"priority":43,"name":"Wait 4s","type":"PAUSE","pauseDuration":4000},{"id":319,"dumbScenarioId":11,"priority":44,"name":"Click iceberg bot","type":"CLICK","repeatCount":1,"isRepeatInfinite":false,"repeatDelay":50,"pressDuration":50,"x":142,"y":611},{"id":320,"dumbScenarioId":11,"priority":45,"name":"Wait 4s","type":"PAUSE","pauseDuration":4000},{"id":321,"dumbScenarioId":11,"priority":46,"name":"Click iceberg game","type":"CLICK","repeatCount":1,"isRepeatInfinite":false,"repeatDelay":50,"pressDuration":50,"x":394,"y":699},{"id":322,"dumbScenarioId":11,"priority":47,"name":"Wait 10s","type":"PAUSE","pauseDuration":10000},{"id":323,"dumbScenarioId":11,"priority":48,"name":"Click  iceberg collect points","type":"CLICK","repeatCount":1,"isRepeatInfinite":false,"repeatDelay":50,"pressDuration":50,"x":508,"y":342},{"id":324,"dumbScenarioId":11,"priority":49,"name":"Wait 4s","type":"PAUSE","pauseDuration":4000},{"id":325,"dumbScenarioId":11,"priority":50,"name":"Click iceberg tasks","type":"CLICK","repeatCount":1,"isRepeatInfinite":false,"repeatDelay":50,"pressDuration":50,"x":416,"y":676},{"id":326,"dumbScenarioId":11,"priority":51,"name":"Wait 4s","type":"PAUSE","pauseDuration":4000},{"id":327,"dumbScenarioId":11,"priority":52,"name":"Click iceberg visit partners","type":"CLICK","repeatCount":1,"isRepeatInfinite":false,"repeatDelay":50,"pressDuration":50,"x":745,"y":315},{"id":328,"dumbScenarioId":11,"priority":53,"name":"Wait 10s","type":"PAUSE","pauseDuration":10000},{"id":329,"dumbScenarioId":11,"priority":54,"name":"Click iceberg close site","type":"CLICK","repeatCount":1,"isRepeatInfinite":false,"repeatDelay":50,"pressDuration":50,"x":28,"y":57},{"id":330,"dumbScenarioId":11,"priority":59,"name":"Wait 4s","type":"PAUSE","pauseDuration":4000},{"id":333,"dumbScenarioId":11,"priority":56,"name":"Click iceberg close game","type":"CLICK","repeatCount":1,"isRepeatInfinite":false,"repeatDelay":50,"pressDuration":50,"x":262,"y":55},{"id":334,"dumbScenarioId":11,"priority":55,"name":"Wait 4s","type":"PAUSE","pauseDuration":4000},{"id":335,"dumbScenarioId":11,"priority":58,"name":"Click iceberg close bot","type":"CLICK","repeatCount":1,"isRepeatInfinite":false,"repeatDelay":50,"pressDuration":50,"x":376,"y":54},{"id":336,"dumbScenarioId":11,"priority":57,"name":"Wait 4s","type":"PAUSE","pauseDuration":4000},{"id":338,"dumbScenarioId":11,"priority":64,"name":"Click iceberg bypass close game","type":"CLICK","repeatCount":1,"isRepeatInfinite":false,"repeatDelay":50,"pressDuration":50,"x":261,"y":56},{"id":340,"dumbScenarioId":11,"priority":62,"name":"Click iceberg bypass game","type":"CLICK","repeatCount":1,"isRepeatInfinite":false,"repeatDelay":50,"pressDuration":50,"x":395,"y":695},{"id":341,"dumbScenarioId":11,"priority":60,"name":"Click iceberg bypasss bot","type":"CLICK","repeatCount":1,"isRepeatInfinite":false,"repeatDelay":30,"pressDuration":50,"x":170,"y":616},{"id":342,"dumbScenarioId":11,"priority":61,"name":"Wait 4s","type":"PAUSE","pauseDuration":4000},{"id":343,"dumbScenarioId":11,"priority":63,"name":"Wait 4s","type":"PAUSE","pauseDuration":4000},{"id":344,"dumbScenarioId":11,"priority":65,"name":"Wait 4s","type":"PAUSE","pauseDuration":4000},{"id":345,"dumbScenarioId":11,"priority":66,"name":"Click iceberg bypass close bot","type":"CLICK","repeatCount":1,"isRepeatInfinite":false,"repeatDelay":30,"pressDuration":50,"x":378,"y":56},{"id":346,"dumbScenarioId":11,"priority":67,"name":"Wait 4s","type":"PAUSE","pauseDuration":4000},{"id":347,"dumbScenarioId":11,"name":"Click bill bot","type":"CLICK","repeatCount":1,"isRepeatInfinite":false,"repeatDelay":50,"pressDuration":50,"x":131,"y":322},{"id":348,"dumbScenarioId":11,"priority":69,"name":"Wait 4s","type":"PAUSE","pauseDuration":4000},{"id":349,"dumbScenarioId":11,"priority":68,"name":"Click farm bot","type":"CLICK","repeatCount":1,"isRepeatInfinite":false,"repeatDelay":50,"pressDuration":50,"x":133,"y":687},{"id":350,"dumbScenarioId":11,"priority":70,"name":"Click farm game","type":"CLICK","repeatCount":1,"isRepeatInfinite":false,"repeatDelay":50,"pressDuration":50,"x":400,"y":696},{"id":351,"dumbScenarioId":11,"priority":71,"name":"Wait farm 4m","type":"PAUSE","pauseDuration":240000},{"id":352,"dumbScenarioId":11,"priority":74,"name":"Click farm close game","type":"CLICK","repeatCount":1,"isRepeatInfinite":false,"repeatDelay":50,"pressDuration":50,"x":260,"y":59},{"id":353,"dumbScenarioId":11,"priority":75,"name":"Wait 4s","type":"PAUSE","pauseDuration":4000},{"id":354,"dumbScenarioId":11,"priority":76,"name":"Click farm close anyway","type":"CLICK","repeatCount":1,"isRepeatInfinite":false,"repeatDelay":50,"pressDuration":50,"x":699,"y":423},{"id":355,"dumbScenarioId":11,"priority":77,"name":"Wait 4s","type":"PAUSE","pauseDuration":4000},{"id":356,"dumbScenarioId":11,"priority":78,"name":"Click farm close bot","type":"CLICK","repeatCount":1,"isRepeatInfinite":false,"repeatDelay":50,"pressDuration":50,"x":378,"y":56},{"id":357,"dumbScenarioId":11,"priority":79,"name":"Wait 4s","type":"PAUSE","pauseDuration":4000},{"id":459,"dumbScenarioId":11,"priority":72,"name":"Click farm open chests","type":"CLICK","repeatCount":10,"isRepeatInfinite":false,"repeatDelay":4000,"pressDuration":50,"x":508,"y":569},{"id":460,"dumbScenarioId":11,"priority":73,"name":"Wait 4","type":"PAUSE","pauseDuration":4000}]}}