{"version":1,"screenWidth":1024,"screenHeight":768,"dumbScenario":{"scenario":{"id":10,"name":"_chain","repeatCount":1,"isRepeatInfinite":true,"maxDurationMin":1,"isDurationInfinite":true,"randomize":true},"dumbActions":[{"id":492,"dumbScenarioId":10,"priority":94,"name":"Wait 10 min","type":"PAUSE","pauseDuration":600000},{"id":493,"dumbScenarioId":10,"name":"Click blum bot","type":"CLICK","repeatCount":1,"isRepeatInfinite":false,"repeatDelay":30,"pressDuration":50,"x":140,"y":174},{"id":494,"dumbScenarioId":10,"priority":1,"name":"Wait 4s","type":"PAUSE","pauseDuration":4000},{"id":495,"dumbScenarioId":10,"priority":2,"name":"Click blum game","type":"CLICK","repeatCount":1,"isRepeatInfinite":false,"repeatDelay":30,"pressDuration":50,"x":388,"y":698},{"id":496,"dumbScenarioId":10,"priority":3,"name":"Wait 10s","type":"PAUSE","pauseDuration":10000},{"id":497,"dumbScenarioId":10,"priority":8,"name":"Click blum points","type":"CLICK","repeatCount":1,"isRepeatInfinite":false,"repeatDelay":30,"pressDuration":50,"x":444,"y":636},{"id":498,"dumbScenarioId":10,"priority":9,"name":"Wait 4s","type":"PAUSE","pauseDuration":4000},{"id":499,"dumbScenarioId":10,"priority":10,"name":"Click blum start mining","type":"CLICK","repeatCount":2,"isRepeatInfinite":false,"repeatDelay":2000,"pressDuration":50,"x":708,"y":426},{"id":500,"dumbScenarioId":10,"priority":12,"name":"Click blum close game","type":"CLICK","repeatCount":2,"isRepeatInfinite":false,"repeatDelay":2000,"pressDuration":50,"x":262,"y":53},{"id":501,"dumbScenarioId":10,"priority":11,"name":"Wait 4s","type":"PAUSE","pauseDuration":4000},{"id":502,"dumbScenarioId":10,"priority":14,"name":"Click blum close bot ","type":"CLICK","repeatCount":1,"isRepeatInfinite":false,"repeatDelay":20,"pressDuration":20,"x":377,"y":55},{"id":503,"dumbScenarioId":10,"priority":13,"name":"Wait 4s","type":"PAUSE","pauseDuration":4000},{"id":504,"dumbScenarioId":10,"priority":15,"name":"Wait 4s","type":"PAUSE","pauseDuration":4000},{"id":505,"dumbScenarioId":10,"priority":17,"name":"Wait 4s","type":"PAUSE","pauseDuration":4000},{"id":506,"dumbScenarioId":10,"priority":18,"name":"Click bill play","type":"CLICK","repeatCount":1,"isRepeatInfinite":false,"repeatDelay":30,"pressDuration":50,"x":405,"y":698},{"id":507,"dumbScenarioId":10,"priority":19,"name":"Wait 60s","type":"PAUSE","pauseDuration":60000},{"id":508,"dumbScenarioId":10,"priority":20,"name":"Click bill $ repeat","type":"CLICK","repeatCount":500,"isRepeatInfinite":false,"repeatDelay":30,"pressDuration":50,"x":482,"y":402},{"id":509,"dumbScenarioId":10,"priority":21,"name":"Wait 4s","type":"PAUSE","pauseDuration":4000},{"id":510,"dumbScenarioId":10,"priority":22,"name":"Click bill close game","type":"CLICK","repeatCount":1,"isRepeatInfinite":false,"repeatDelay":30,"pressDuration":50,"x":261,"y":54},{"id":511,"dumbScenarioId":10,"priority":23,"name":"Wait 4s","type":"PAUSE","pauseDuration":4000},{"id":512,"dumbScenarioId":10,"priority":26,"name":"Click bill close bot","type":"CLICK","repeatCount":1,"isRepeatInfinite":false,"repeatDelay":30,"pressDuration":50,"x":374,"y":54},{"id":513,"dumbScenarioId":10,"priority":27,"name":"Wait 4s","type":"PAUSE","pauseDuration":4000},{"id":514,"dumbScenarioId":10,"priority":28,"name":"Click bird bot","type":"CLICK","repeatCount":1,"isRepeatInfinite":false,"repeatDelay":30,"pressDuration":50,"x":137,"y":320},{"id":515,"dumbScenarioId":10,"priority":29,"name":"Waitc2s","type":"PAUSE","pauseDuration":4000},{"id":516,"dumbScenarioId":10,"priority":30,"name":"Click bird ctart game","type":"CLICK","repeatCount":1,"isRepeatInfinite":false,"repeatDelay":30,"pressDuration":50,"x":411,"y":697},{"id":517,"dumbScenarioId":10,"priority":31,"name":"Wait 10s","type":"PAUSE","pauseDuration":10000},{"id":518,"dumbScenarioId":10,"priority":33,"name":"Wait 4s","type":"PAUSE","pauseDuration":4000},{"id":519,"dumbScenarioId":10,"priority":32,"name":"Click bird menu bonus","type":"CLICK","repeatCount":1,"isRepeatInfinite":false,"repeatDelay":30,"pressDuration":50,"x":717,"y":679},{"id":520,"dumbScenarioId":10,"priority":34,"name":"Click bird bonus","type":"CLICK","repeatCount":1,"isRepeatInfinite":false,"repeatDelay":30,"pressDuration":50,"x":516,"y":615},{"id":521,"dumbScenarioId":10,"priority":35,"name":"Wait 4s","type":"PAUSE","pauseDuration":4000},{"id":522,"dumbScenarioId":10,"priority":36,"name":"Click bird close game","type":"CLICK","repeatCount":1,"isRepeatInfinite":false,"repeatDelay":30,"pressDuration":50,"x":260,"y":56},{"id":523,"dumbScenarioId":10,"priority":37,"name":"Wait 4s","type":"PAUSE","pauseDuration":4000},{"id":524,"dumbScenarioId":10,"priority":38,"name":"Click bird close bot","type":"CLICK","repeatCount":1,"isRepeatInfinite":false,"repeatDelay":30,"pressDuration":50,"x":377,"y":55},{"id":525,"dumbScenarioId":10,"priority":39,"name":"Wait 4s","type":"PAUSE","pauseDuration":4000},{"id":526,"dumbScenarioId":10,"priority":40,"name":"Click wemine bot","type":"CLICK","repeatCount":1,"isRepeatInfinite":false,"repeatDelay":30,"pressDuration":50,"x":142,"y":382},{"id":527,"dumbScenarioId":10,"priority":41,"name":"Wait 2","type":"PAUSE","pauseDuration":4000},{"id":528,"dumbScenarioId":10,"priority":42,"name":"Click wemine  start game","type":"CLICK","repeatCount":1,"isRepeatInfinite":false,"repeatDelay":30,"pressDuration":50,"x":388,"y":698},{"id":529,"dumbScenarioId":10,"priority":43,"name":"Wait 30s","type":"PAUSE","pauseDuration":30000},{"id":530,"dumbScenarioId":10,"priority":44,"name":"Click wemine claim","type":"CLICK","repeatCount":1,"isRepeatInfinite":false,"repeatDelay":30,"pressDuration":50,"x":465,"y":613},{"id":531,"dumbScenarioId":10,"priority":45,"name":"Wait 2","type":"PAUSE","pauseDuration":4000},{"id":532,"dumbScenarioId":10,"priority":46,"name":"Click wemine close game","type":"CLICK","repeatCount":1,"isRepeatInfinite":false,"repeatDelay":30,"pressDuration":50,"x":262,"y":55},{"id":533,"dumbScenarioId":10,"priority":47,"name":"Wait 2","type":"PAUSE","pauseDuration":4000},{"id":534,"dumbScenarioId":10,"priority":48,"name":"Click wemine close bot","type":"CLICK","repeatCount":1,"isRepeatInfinite":false,"repeatDelay":30,"pressDuration":50,"x":376,"y":56},{"id":535,"dumbScenarioId":10,"priority":49,"name":"Wait 2","type":"PAUSE","pauseDuration":4000},{"id":536,"dumbScenarioId":10,"priority":4,"name":"Click blum home","type":"CLICK","repeatCount":1,"isRepeatInfinite":false,"repeatDelay":30,"pressDuration":50,"x":302,"y":681},{"id":537,"dumbScenarioId":10,"priority":5,"name":"Wait 2","type":"PAUSE","pauseDuration":4000},{"id":538,"dumbScenarioId":10,"priority":24,"name":"Click bill close anyway","type":"CLICK","repeatCount":1,"isRepeatInfinite":false,"repeatDelay":30,"pressDuration":50,"x":699,"y":423},{"id":539,"dumbScenarioId":10,"priority":25,"name":"Wait 2","type":"PAUSE","pauseDuration":4000},{"id":540,"dumbScenarioId":10,"priority":6,"name":"Click blum bonus claim","type":"CLICK","repeatCount":1,"isRepeatInfinite":false,"repeatDelay":30,"pressDuration":50,"x":691,"y":419},{"id":541,"dumbScenarioId":10,"priority":7,"name":"Wait 2","type":"PAUSE","pauseDuration":4000},{"id":542,"dumbScenarioId":10,"priority":50,"name":"Click midas bot","type":"CLICK","repeatCount":1,"isRepeatInfinite":false,"repeatDelay":30,"pressDuration":50,"x":136,"y":460},{"id":543,"dumbScenarioId":10,"priority":51,"name":"Wait 4s","type":"PAUSE","pauseDuration":4000},{"id":544,"dumbScenarioId":10,"priority":52,"name":"Click midas game","type":"CLICK","repeatCount":1,"isRepeatInfinite":false,"repeatDelay":30,"pressDuration":50,"x":405,"y":698},{"id":545,"dumbScenarioId":10,"priority":53,"name":"Wait 20s","type":"PAUSE","pauseDuration":40000},{"id":546,"dumbScenarioId":10,"priority":54,"name":"Click midas continue","type":"CLICK","repeatCount":1,"isRepeatInfinite":false,"repeatDelay":30,"pressDuration":50,"x":378,"y":680},{"id":547,"dumbScenarioId":10,"priority":55,"name":"Wait 4s","type":"PAUSE","pauseDuration":4000},{"id":548,"dumbScenarioId":10,"priority":56,"name":"Click midas close game","type":"CLICK","repeatCount":1,"isRepeatInfinite":false,"repeatDelay":30,"pressDuration":50,"x":261,"y":53},{"id":549,"dumbScenarioId":10,"priority":57,"name":"Wait 4s","type":"PAUSE","pauseDuration":4000},{"id":550,"dumbScenarioId":10,"priority":58,"name":"Click midas close bot","type":"CLICK","repeatCount":1,"isRepeatInfinite":false,"repeatDelay":30,"pressDuration":50,"x":378,"y":58},{"id":551,"dumbScenarioId":10,"priority":59,"name":"Wait 4s","type":"PAUSE","pauseDuration":4000},{"id":552,"dumbScenarioId":10,"priority":60,"name":"Click iceberg bot","type":"CLICK","repeatCount":1,"isRepeatInfinite":false,"repeatDelay":50,"pressDuration":50,"x":141,"y":531},{"id":553,"dumbScenarioId":10,"priority":61,"name":"Wait 4s","type":"PAUSE","pauseDuration":4000},{"id":554,"dumbScenarioId":10,"priority":62,"name":"Click iceberg game","type":"CLICK","repeatCount":1,"isRepeatInfinite":false,"repeatDelay":50,"pressDuration":50,"x":394,"y":699},{"id":555,"dumbScenarioId":10,"priority":63,"name":"Wait 10s","type":"PAUSE","pauseDuration":10000},{"id":556,"dumbScenarioId":10,"priority":64,"name":"Click  iceberg collect points","type":"CLICK","repeatCount":1,"isRepeatInfinite":false,"repeatDelay":50,"pressDuration":50,"x":508,"y":342},{"id":557,"dumbScenarioId":10,"priority":65,"name":"Wait 4s","type":"PAUSE","pauseDuration":4000},{"id":558,"dumbScenarioId":10,"priority":66,"name":"Click iceberg tasks","type":"CLICK","repeatCount":1,"isRepeatInfinite":false,"repeatDelay":50,"pressDuration":50,"x":416,"y":676},{"id":559,"dumbScenarioId":10,"priority":67,"name":"Wait 4s","type":"PAUSE","pauseDuration":4000},{"id":560,"dumbScenarioId":10,"priority":68,"name":"Click iceberg visit partners","type":"CLICK","repeatCount":1,"isRepeatInfinite":false,"repeatDelay":50,"pressDuration":50,"x":745,"y":315},{"id":561,"dumbScenarioId":10,"priority":69,"name":"Wait 10s","type":"PAUSE","pauseDuration":10000},{"id":562,"dumbScenarioId":10,"priority":70,"name":"Click iceberg close site","type":"CLICK","repeatCount":1,"isRepeatInfinite":false,"repeatDelay":50,"pressDuration":50,"x":28,"y":57},{"id":563,"dumbScenarioId":10,"priority":75,"name":"Wait 4s","type":"PAUSE","pauseDuration":4000},{"id":564,"dumbScenarioId":10,"priority":72,"name":"Click iceberg close game","type":"CLICK","repeatCount":1,"isRepeatInfinite":false,"repeatDelay":50,"pressDuration":50,"x":262,"y":55},{"id":565,"dumbScenarioId":10,"priority":71,"name":"Wait 4s","type":"PAUSE","pauseDuration":4000},{"id":566,"dumbScenarioId":10,"priority":74,"name":"Click iceberg close bot","type":"CLICK","repeatCount":1,"isRepeatInfinite":false,"repeatDelay":50,"pressDuration":50,"x":376,"y":54},{"id":567,"dumbScenarioId":10,"priority":73,"name":"Wait 4s","type":"PAUSE","pauseDuration":4000},{"id":568,"dumbScenarioId":10,"priority":80,"name":"Click iceberg bypass close game","type":"CLICK","repeatCount":1,"isRepeatInfinite":false,"repeatDelay":50,"pressDuration":50,"x":261,"y":56},{"id":569,"dumbScenarioId":10,"priority":78,"name":"Click iceberg bypass game","type":"CLICK","repeatCount":1,"isRepeatInfinite":false,"repeatDelay":50,"pressDuration":50,"x":395,"y":695},{"id":570,"dumbScenarioId":10,"priority":76,"name":"Click iceberg bypasss bot","type":"CLICK","repeatCount":1,"isRepeatInfinite":false,"repeatDelay":30,"pressDuration":50,"x":170,"y":616},{"id":571,"dumbScenarioId":10,"priority":77,"name":"Wait 4s","type":"PAUSE","pauseDuration":4000},{"id":572,"dumbScenarioId":10,"priority":79,"name":"Wait 4s","type":"PAUSE","pauseDuration":4000},{"id":573,"dumbScenarioId":10,"priority":81,"name":"Wait 4s","type":"PAUSE","pauseDuration":4000},{"id":574,"dumbScenarioId":10,"priority":82,"name":"Click iceberg bypass close bot","type":"CLICK","repeatCount":1,"isRepeatInfinite":false,"repeatDelay":30,"pressDuration":50,"x":378,"y":56},{"id":575,"dumbScenarioId":10,"priority":83,"name":"Wait 4s","type":"PAUSE","pauseDuration":4000},{"id":576,"dumbScenarioId":10,"priority":16,"name":"Click bill bot","type":"CLICK","repeatCount":1,"isRepeatInfinite":false,"repeatDelay":50,"pressDuration":50,"x":117,"y":245},{"id":577,"dumbScenarioId":10,"priority":85,"name":"Wait 4s","type":"PAUSE","pauseDuration":4000},{"id":578,"dumbScenarioId":10,"priority":84,"name":"Click farm bot","type":"CLICK","repeatCount":1,"isRepeatInfinite":false,"repeatDelay":50,"pressDuration":50,"x":136,"y":604},{"id":579,"dumbScenarioId":10,"priority":86,"name":"Click farm game","type":"CLICK","repeatCount":1,"isRepeatInfinite":false,"repeatDelay":50,"pressDuration":50,"x":400,"y":696},{"id":580,"dumbScenarioId":10,"priority":87,"name":"Wait farm 4m","type":"PAUSE","pauseDuration":240000},{"id":581,"dumbScenarioId":10,"priority":88,"name":"Click farm close game","type":"CLICK","repeatCount":1,"isRepeatInfinite":false,"repeatDelay":50,"pressDuration":50,"x":260,"y":59},{"id":582,"dumbScenarioId":10,"priority":89,"name":"Wait 4s","type":"PAUSE","pauseDuration":4000},{"id":583,"dumbScenarioId":10,"priority":90,"name":"Click farm close anyway","type":"CLICK","repeatCount":1,"isRepeatInfinite":false,"repeatDelay":50,"pressDuration":50,"x":699,"y":423},{"id":584,"dumbScenarioId":10,"priority":91,"name":"Wait 4s","type":"PAUSE","pauseDuration":4000},{"id":585,"dumbScenarioId":10,"priority":92,"name":"Click farm close bot","type":"CLICK","repeatCount":1,"isRepeatInfinite":false,"repeatDelay":50,"pressDuration":50,"x":378,"y":56},{"id":586,"dumbScenarioId":10,"priority":93,"name":"Wait 4s","type":"PAUSE","pauseDuration":4000}]}}