{
  "version": 1,
  "screenWidth": 1024,
  "screenHeight": 768,
  "dumbScenario": {
    "scenario": {
      "id": 9,
      "name": "chain",
      "repeatCount": 1,
      "isRepeatInfinite": true,
      "maxDurationMin": 1,
      "isDurationInfinite": true,
      "randomize": true
    },
    "dumbActions": [
      {
        "id": 131,
        "dumbScenarioId": 9,
        "priority": 96,
        "name": "Wait 10 min",
        "type": "PAUSE",
        "pauseDuration": 600000
      },
      {
        "id": 132,
        "dumbScenarioId": 9,
        "name": "Click blum bot",
        "type": "CLICK",
        "repeatCount": 1,
        "isRepeatInfinite": false,
        "repeatDelay": 30,
        "pressDuration": 50,
        "x": 138,
        "y": 172
      },
      {
        "id": 133,
        "dumbScenarioId": 9,
        "priority": 1,
        "name": "Wait 4s",
        "type": "PAUSE",
        "pauseDuration": 4000
      },
      {
        "id": 134,
        "dumbScenarioId": 9,
        "priority": 2,
        "name": "Click blum game",
        "type": "CLICK",
        "repeatCount": 1,
        "isRepeatInfinite": false,
        "repeatDelay": 30,
        "pressDuration": 50,
        "x": 388,
        "y": 698
      },
      {
        "id": 135,
        "dumbScenarioId": 9,
        "priority": 3,
        "name": "Wait 10s",
        "type": "PAUSE",
        "pauseDuration": 10000
      },
      {
        "id": 136,
        "dumbScenarioId": 9,
        "priority": 8,
        "name": "Click blum points",
        "type": "CLICK",
        "repeatCount": 1,
        "isRepeatInfinite": false,
        "repeatDelay": 30,
        "pressDuration": 50,
        "x": 444,
        "y": 636
      },
      {
        "id": 137,
        "dumbScenarioId": 9,
        "priority": 9,
        "name": "Wait 4s",
        "type": "PAUSE",
        "pauseDuration": 4000
      },
      {
        "id": 138,
        "dumbScenarioId": 9,
        "priority": 10,
        "name": "Click blum start mining",
        "type": "CLICK",
        "repeatCount": 2,
        "isRepeatInfinite": false,
        "repeatDelay": 2000,
        "pressDuration": 50,
        "x": 708,
        "y": 426
      },
      {
        "id": 139,
        "dumbScenarioId": 9,
        "priority": 12,
        "name": "Click blum close game",
        "type": "CLICK",
        "repeatCount": 2,
        "isRepeatInfinite": false,
        "repeatDelay": 2000,
        "pressDuration": 50,
        "x": 262,
        "y": 53
      },
      {
        "id": 140,
        "dumbScenarioId": 9,
        "priority": 11,
        "name": "Wait 4s",
        "type": "PAUSE",
        "pauseDuration": 4000
      },
      {
        "id": 141,
        "dumbScenarioId": 9,
        "priority": 14,
        "name": "Click blum close bot ",
        "type": "CLICK",
        "repeatCount": 1,
        "isRepeatInfinite": false,
        "repeatDelay": 20,
        "pressDuration": 20,
        "x": 377,
        "y": 55
      },
      {
        "id": 142,
        "dumbScenarioId": 9,
        "priority": 13,
        "name": "Wait 4s",
        "type": "PAUSE",
        "pauseDuration": 4000
      },
      {
        "id": 143,
        "dumbScenarioId": 9,
        "priority": 15,
        "name": "Wait 4s",
        "type": "PAUSE",
        "pauseDuration": 4000
      },
      {
        "id": 144,
        "dumbScenarioId": 9,
        "priority": 16,
        "name": "Click binance bot",
        "type": "CLICK",
        "repeatCount": 1,
        "isRepeatInfinite": false,
        "repeatDelay": 30,
        "pressDuration": 50,
        "x": 151,
        "y": 238
      },
      {
        "id": 145,
        "dumbScenarioId": 9,
        "priority": 17,
        "name": "Wait 4s",
        "type": "PAUSE",
        "pauseDuration": 4000
      },
      {
        "id": 146,
        "dumbScenarioId": 9,
        "priority": 18,
        "name": "Click binance start ",
        "type": "CLICK",
        "repeatCount": 1,
        "isRepeatInfinite": false,
        "repeatDelay": 30,
        "pressDuration": 50,
        "x": 395,
        "y": 692
      },
      {
        "id": 147,
        "dumbScenarioId": 9,
        "priority": 19,
        "name": "Wait 15s",
        "type": "PAUSE",
        "pauseDuration": 40000
      },
      {
        "id": 148,
        "dumbScenarioId": 9,
        "priority": 20,
        "name": "Click binance play",
        "type": "CLICK",
        "repeatCount": 1,
        "isRepeatInfinite": false,
        "repeatDelay": 30,
        "pressDuration": 50,
        "x": 460,
        "y": 511
      },
      {
        "id": 149,
        "dumbScenarioId": 9,
        "priority": 21,
        "name": "Wait 5s",
        "type": "PAUSE",
        "pauseDuration": 5000
      },
      {
        "id": 150,
        "dumbScenarioId": 9,
        "priority": 24,
        "name": "Click binance close game",
        "type": "CLICK",
        "repeatCount": 1,
        "isRepeatInfinite": false,
        "repeatDelay": 20,
        "pressDuration": 50,
        "x": 261,
        "y": 54
      },
      {
        "id": 151,
        "dumbScenarioId": 9,
        "priority": 25,
        "name": "Wait 4s",
        "type": "PAUSE",
        "pauseDuration": 4000
      },
      {
        "id": 152,
        "dumbScenarioId": 9,
        "priority": 26,
        "name": "Click binance close bot",
        "type": "CLICK",
        "repeatCount": 1,
        "isRepeatInfinite": false,
        "repeatDelay": 30,
        "pressDuration": 50,
        "x": 380,
        "y": 60
      },
      {
        "id": 154,
        "dumbScenarioId": 9,
        "priority": 22,
        "name": "Click binance get ball",
        "type": "CLICK",
        "repeatCount": 25,
        "isRepeatInfinite": false,
        "repeatDelay": 2000,
        "pressDuration": 50,
        "x": 525,
        "y": 241
      },
      {
        "id": 155,
        "dumbScenarioId": 9,
        "priority": 23,
        "name": "Wait 4s",
        "type": "PAUSE",
        "pauseDuration": 4000
      },
      {
        "id": 167,
        "dumbScenarioId": 9,
        "priority": 27,
        "name": "Wait 4s",
        "type": "PAUSE",
        "pauseDuration": 4000
      },
      {
        "id": 168,
        "dumbScenarioId": 9,
        "priority": 28,
        "name": "Click bill  bot",
        "type": "CLICK",
        "repeatCount": 1,
        "isRepeatInfinite": false,
        "repeatDelay": 30,
        "pressDuration": 50,
        "x": 129,
        "y": 315
      },
      {
        "id": 169,
        "dumbScenarioId": 9,
        "priority": 29,
        "name": "Wait 4s",
        "type": "PAUSE",
        "pauseDuration": 4000
      },
      {
        "id": 170,
        "dumbScenarioId": 9,
        "priority": 30,
        "name": "Click bill play",
        "type": "CLICK",
        "repeatCount": 1,
        "isRepeatInfinite": false,
        "repeatDelay": 30,
        "pressDuration": 50,
        "x": 405,
        "y": 698
      },
      {
        "id": 171,
        "dumbScenarioId": 9,
        "priority": 31,
        "name": "Wait 60s",
        "type": "PAUSE",
        "pauseDuration": 60000
      },
      {
        "id": 172,
        "dumbScenarioId": 9,
        "priority": 32,
        "name": "Click bill $ repeat",
        "type": "CLICK",
        "repeatCount": 500,
        "isRepeatInfinite": false,
        "repeatDelay": 30,
        "pressDuration": 50,
        "x": 482,
        "y": 402
      },
      {
        "id": 173,
        "dumbScenarioId": 9,
        "priority": 33,
        "name": "Wait 4s",
        "type": "PAUSE",
        "pauseDuration": 4000
      },
      {
        "id": 174,
        "dumbScenarioId": 9,
        "priority": 34,
        "name": "Click bill close game",
        "type": "CLICK",
        "repeatCount": 1,
        "isRepeatInfinite": false,
        "repeatDelay": 30,
        "pressDuration": 50,
        "x": 261,
        "y": 54
      },
      {
        "id": 175,
        "dumbScenarioId": 9,
        "priority": 35,
        "name": "Wait 4s",
        "type": "PAUSE",
        "pauseDuration": 4000
      },
      {
        "id": 176,
        "dumbScenarioId": 9,
        "priority": 38,
        "name": "Click bill close bot",
        "type": "CLICK",
        "repeatCount": 1,
        "isRepeatInfinite": false,
        "repeatDelay": 30,
        "pressDuration": 50,
        "x": 374,
        "y": 54
      },
      {
        "id": 177,
        "dumbScenarioId": 9,
        "priority": 39,
        "name": "Wait 4s",
        "type": "PAUSE",
        "pauseDuration": 4000
      },
      {
        "id": 178,
        "dumbScenarioId": 9,
        "priority": 40,
        "name": "Click bird bot",
        "type": "CLICK",
        "repeatCount": 1,
        "isRepeatInfinite": false,
        "repeatDelay": 30,
        "pressDuration": 50,
        "x": 141,
        "y": 384
      },
      {
        "id": 179,
        "dumbScenarioId": 9,
        "priority": 41,
        "name": "Waitc2s",
        "type": "PAUSE",
        "pauseDuration": 4000
      },
      {
        "id": 180,
        "dumbScenarioId": 9,
        "priority": 42,
        "name": "Click bird ctart game",
        "type": "CLICK",
        "repeatCount": 1,
        "isRepeatInfinite": false,
        "repeatDelay": 30,
        "pressDuration": 50,
        "x": 411,
        "y": 697
      },
      {
        "id": 181,
        "dumbScenarioId": 9,
        "priority": 45,
        "name": "Wait 10s",
        "type": "PAUSE",
        "pauseDuration": 10000
      },
      {
        "id": 182,
        "dumbScenarioId": 9,
        "priority": 44,
        "name": "Swipe",
        "type": "SWIPE",
        "repeatCount": 1,
        "isRepeatInfinite": false,
        "repeatDelay": 30,
        "swipeDuration": 1000,
        "fromX": 741,
        "fromY": 626,
        "toX": 745,
        "toY": 376
      },
      {
        "id": 183,
        "dumbScenarioId": 9,
        "priority": 47,
        "name": "Wait 4s",
        "type": "PAUSE",
        "pauseDuration": 4000
      },
      {
        "id": 184,
        "dumbScenarioId": 9,
        "priority": 46,
        "name": "Click bird menu bonus",
        "type": "CLICK",
        "repeatCount": 1,
        "isRepeatInfinite": false,
        "repeatDelay": 30,
        "pressDuration": 50,
        "x": 717,
        "y": 679
      },
      {
        "id": 185,
        "dumbScenarioId": 9,
        "priority": 43,
        "name": "Wait 4s",
        "type": "PAUSE",
        "pauseDuration": 4000
      },
      {
        "id": 186,
        "dumbScenarioId": 9,
        "priority": 48,
        "name": "Click bird bonus",
        "type": "CLICK",
        "repeatCount": 1,
        "isRepeatInfinite": false,
        "repeatDelay": 30,
        "pressDuration": 50,
        "x": 516,
        "y": 615
      },
      {
        "id": 187,
        "dumbScenarioId": 9,
        "priority": 49,
        "name": "Wait 4s",
        "type": "PAUSE",
        "pauseDuration": 4000
      },
      {
        "id": 188,
        "dumbScenarioId": 9,
        "priority": 50,
        "name": "Click bird close game",
        "type": "CLICK",
        "repeatCount": 1,
        "isRepeatInfinite": false,
        "repeatDelay": 30,
        "pressDuration": 50,
        "x": 260,
        "y": 56
      },
      {
        "id": 189,
        "dumbScenarioId": 9,
        "priority": 51,
        "name": "Wait 4s",
        "type": "PAUSE",
        "pauseDuration": 4000
      },
      {
        "id": 190,
        "dumbScenarioId": 9,
        "priority": 52,
        "name": "Click bird close bot",
        "type": "CLICK",
        "repeatCount": 1,
        "isRepeatInfinite": false,
        "repeatDelay": 30,
        "pressDuration": 50,
        "x": 377,
        "y": 55
      },
      {
        "id": 191,
        "dumbScenarioId": 9,
        "priority": 53,
        "name": "Wait 4s",
        "type": "PAUSE",
        "pauseDuration": 4000
      },
      {
        "id": 194,
        "dumbScenarioId": 9,
        "priority": 54,
        "name": "Click wemine bot",
        "type": "CLICK",
        "repeatCount": 1,
        "isRepeatInfinite": false,
        "repeatDelay": 30,
        "pressDuration": 50,
        "x": 134,
        "y": 460
      },
      {
        "id": 195,
        "dumbScenarioId": 9,
        "priority": 55,
        "name": "Wait 2",
        "type": "PAUSE",
        "pauseDuration": 4000
      },
      {
        "id": 196,
        "dumbScenarioId": 9,
        "priority": 56,
        "name": "Click wemine  start game",
        "type": "CLICK",
        "repeatCount": 1,
        "isRepeatInfinite": false,
        "repeatDelay": 30,
        "pressDuration": 50,
        "x": 388,
        "y": 698
      },
      {
        "id": 197,
        "dumbScenarioId": 9,
        "priority": 57,
        "name": "Wait 30s",
        "type": "PAUSE",
        "pauseDuration": 30000
      },
      {
        "id": 198,
        "dumbScenarioId": 9,
        "priority": 58,
        "name": "Click wemine claim",
        "type": "CLICK",
        "repeatCount": 1,
        "isRepeatInfinite": false,
        "repeatDelay": 30,
        "pressDuration": 50,
        "x": 465,
        "y": 613
      },
      {
        "id": 199,
        "dumbScenarioId": 9,
        "priority": 59,
        "name": "Wait 2",
        "type": "PAUSE",
        "pauseDuration": 4000
      },
      {
        "id": 200,
        "dumbScenarioId": 9,
        "priority": 60,
        "name": "Click wemine close game",
        "type": "CLICK",
        "repeatCount": 1,
        "isRepeatInfinite": false,
        "repeatDelay": 30,
        "pressDuration": 50,
        "x": 262,
        "y": 55
      },
      {
        "id": 201,
        "dumbScenarioId": 9,
        "priority": 61,
        "name": "Wait 2",
        "type": "PAUSE",
        "pauseDuration": 4000
      },
      {
        "id": 202,
        "dumbScenarioId": 9,
        "priority": 62,
        "name": "Click wemine close bot",
        "type": "CLICK",
        "repeatCount": 1,
        "isRepeatInfinite": false,
        "repeatDelay": 30,
        "pressDuration": 50,
        "x": 376,
        "y": 56
      },
      {
        "id": 203,
        "dumbScenarioId": 9,
        "priority": 63,
        "name": "Wait 2",
        "type": "PAUSE",
        "pauseDuration": 4000
      },
      {
        "id": 205,
        "dumbScenarioId": 9,
        "priority": 4,
        "name": "Click blum home",
        "type": "CLICK",
        "repeatCount": 1,
        "isRepeatInfinite": false,
        "repeatDelay": 30,
        "pressDuration": 50,
        "x": 302,
        "y": 681
      },
      {
        "id": 206,
        "dumbScenarioId": 9,
        "priority": 5,
        "name": "Wait 2",
        "type": "PAUSE",
        "pauseDuration": 4000
      },
      {
        "id": 207,
        "dumbScenarioId": 9,
        "priority": 36,
        "name": "Click bill close anyway",
        "type": "CLICK",
        "repeatCount": 1,
        "isRepeatInfinite": false,
        "repeatDelay": 30,
        "pressDuration": 50,
        "x": 699,
        "y": 423
      },
      {
        "id": 208,
        "dumbScenarioId": 9,
        "priority": 37,
        "name": "Wait 2",
        "type": "PAUSE",
        "pauseDuration": 4000
      },
      {
        "id": 209,
        "dumbScenarioId": 9,
        "priority": 6,
        "name": "Click blum bonus claim",
        "type": "CLICK",
        "repeatCount": 1,
        "isRepeatInfinite": false,
        "repeatDelay": 30,
        "pressDuration": 50,
        "x": 691,
        "y": 419
      },
      {
        "id": 210,
        "dumbScenarioId": 9,
        "priority": 7,
        "name": "Wait 2",
        "type": "PAUSE",
        "pauseDuration": 4000
      },
      {
        "id": 211,
        "dumbScenarioId": 9,
        "priority": 64,
        "name": "Click midas bot",
        "type": "CLICK",
        "repeatCount": 1,
        "isRepeatInfinite": false,
        "repeatDelay": 30,
        "pressDuration": 50,
        "x": 147,
        "y": 531
      },
      {
        "id": 212,
        "dumbScenarioId": 9,
        "priority": 65,
        "name": "Wait 4s",
        "type": "PAUSE",
        "pauseDuration": 4000
      },
      {
        "id": 213,
        "dumbScenarioId": 9,
        "priority": 66,
        "name": "Click midas game",
        "type": "CLICK",
        "repeatCount": 1,
        "isRepeatInfinite": false,
        "repeatDelay": 30,
        "pressDuration": 50,
        "x": 405,
        "y": 698
      },
      {
        "id": 214,
        "dumbScenarioId": 9,
        "priority": 67,
        "name": "Wait 20s",
        "type": "PAUSE",
        "pauseDuration": 40000
      },
      {
        "id": 215,
        "dumbScenarioId": 9,
        "priority": 68,
        "name": "Click midas continue",
        "type": "CLICK",
        "repeatCount": 1,
        "isRepeatInfinite": false,
        "repeatDelay": 30,
        "pressDuration": 50,
        "x": 378,
        "y": 680
      },
      {
        "id": 216,
        "dumbScenarioId": 9,
        "priority": 69,
        "name": "Wait 4s",
        "type": "PAUSE",
        "pauseDuration": 4000
      },
      {
        "id": 217,
        "dumbScenarioId": 9,
        "priority": 70,
        "name": "Click midas close game",
        "type": "CLICK",
        "repeatCount": 1,
        "isRepeatInfinite": false,
        "repeatDelay": 30,
        "pressDuration": 50,
        "x": 261,
        "y": 53
      },
      {
        "id": 218,
        "dumbScenarioId": 9,
        "priority": 71,
        "name": "Wait 4s",
        "type": "PAUSE",
        "pauseDuration": 4000
      },
      {
        "id": 219,
        "dumbScenarioId": 9,
        "priority": 72,
        "name": "Click midas close bot",
        "type": "CLICK",
        "repeatCount": 1,
        "isRepeatInfinite": false,
        "repeatDelay": 30,
        "pressDuration": 50,
        "x": 378,
        "y": 58
      },
      {
        "id": 220,
        "dumbScenarioId": 9,
        "priority": 73,
        "name": "Wait 4s",
        "type": "PAUSE",
        "pauseDuration": 4000
      },
      {
        "id": 222,
        "dumbScenarioId": 9,
        "priority": 74,
        "name": "Click iceberg bot",
        "type": "CLICK",
        "repeatCount": 1,
        "isRepeatInfinite": false,
        "repeatDelay": 50,
        "pressDuration": 50,
        "x": 142,
        "y": 611
      },
      {
        "id": 223,
        "dumbScenarioId": 9,
        "priority": 75,
        "name": "Wait 4s",
        "type": "PAUSE",
        "pauseDuration": 4000
      },
      {
        "id": 224,
        "dumbScenarioId": 9,
        "priority": 76,
        "name": "Click iceberg game",
        "type": "CLICK",
        "repeatCount": 1,
        "isRepeatInfinite": false,
        "repeatDelay": 50,
        "pressDuration": 50,
        "x": 394,
        "y": 699
      },
      {
        "id": 225,
        "dumbScenarioId": 9,
        "priority": 81,
        "name": "Wait 10s",
        "type": "PAUSE",
        "pauseDuration": 10000
      },
      {
        "id": 226,
        "dumbScenarioId": 9,
        "priority": 82,
        "name": "Click  iceberg collect points",
        "type": "CLICK",
        "repeatCount": 1,
        "isRepeatInfinite": false,
        "repeatDelay": 50,
        "pressDuration": 50,
        "x": 508,
        "y": 342
      },
      {
        "id": 227,
        "dumbScenarioId": 9,
        "priority": 83,
        "name": "Wait 4s",
        "type": "PAUSE",
        "pauseDuration": 4000
      },
      {
        "id": 228,
        "dumbScenarioId": 9,
        "priority": 84,
        "name": "Click iceberg tasks",
        "type": "CLICK",
        "repeatCount": 1,
        "isRepeatInfinite": false,
        "repeatDelay": 50,
        "pressDuration": 50,
        "x": 416,
        "y": 676
      },
      {
        "id": 229,
        "dumbScenarioId": 9,
        "priority": 85,
        "name": "Wait 4s",
        "type": "PAUSE",
        "pauseDuration": 4000
      },
      {
        "id": 230,
        "dumbScenarioId": 9,
        "priority": 86,
        "name": "Click iceberg visit partners",
        "type": "CLICK",
        "repeatCount": 1,
        "isRepeatInfinite": false,
        "repeatDelay": 50,
        "pressDuration": 50,
        "x": 745,
        "y": 315
      },
      {
        "id": 231,
        "dumbScenarioId": 9,
        "priority": 87,
        "name": "Wait 10s",
        "type": "PAUSE",
        "pauseDuration": 10000
      },
      {
        "id": 232,
        "dumbScenarioId": 9,
        "priority": 88,
        "name": "Click iceberg close site",
        "type": "CLICK",
        "repeatCount": 1,
        "isRepeatInfinite": false,
        "repeatDelay": 50,
        "pressDuration": 50,
        "x": 28,
        "y": 57
      },
      {
        "id": 233,
        "dumbScenarioId": 9,
        "priority": 89,
        "name": "Wait 4s",
        "type": "PAUSE",
        "pauseDuration": 4000
      },
      {
        "id": 234,
        "dumbScenarioId": 9,
        "priority": 90,
        "name": "Click iceberg get 10000",
        "type": "CLICK",
        "repeatCount": 1,
        "isRepeatInfinite": false,
        "repeatDelay": 50,
        "pressDuration": 50,
        "x": 375,
        "y": 326
      },
      {
        "id": 235,
        "dumbScenarioId": 9,
        "priority": 91,
        "name": "Wait 4s",
        "type": "PAUSE",
        "pauseDuration": 4000
      },
      {
        "id": 236,
        "dumbScenarioId": 9,
        "priority": 92,
        "name": "Click iceberg close game",
        "type": "CLICK",
        "repeatCount": 1,
        "isRepeatInfinite": false,
        "repeatDelay": 50,
        "pressDuration": 50,
        "x": 262,
        "y": 55
      },
      {
        "id": 237,
        "dumbScenarioId": 9,
        "priority": 93,
        "name": "Wait 4s",
        "type": "PAUSE",
        "pauseDuration": 4000
      },
      {
        "id": 238,
        "dumbScenarioId": 9,
        "priority": 94,
        "name": "Click iceberg close bot",
        "type": "CLICK",
        "repeatCount": 1,
        "isRepeatInfinite": false,
        "repeatDelay": 50,
        "pressDuration": 50,
        "x": 376,
        "y": 54
      },
      {
        "id": 239,
        "dumbScenarioId": 9,
        "priority": 95,
        "name": "Wait 4s",
        "type": "PAUSE",
        "pauseDuration": 4000
      },
      {
        "id": 240,
        "dumbScenarioId": 9,
        "priority": 77,
        "name": "Wait 4s",
        "type": "PAUSE",
        "pauseDuration": 4000
      },
      {
        "id": 241,
        "dumbScenarioId": 9,
        "priority": 78,
        "name": "Click iceberg bypass close game",
        "type": "CLICK",
        "repeatCount": 1,
        "isRepeatInfinite": false,
        "repeatDelay": 50,
        "pressDuration": 50,
        "x": 261,
        "y": 56
      },
      {
        "id": 242,
        "dumbScenarioId": 9,
        "priority": 79,
        "name": "Wait 4s",
        "type": "PAUSE",
        "pauseDuration": 4000
      },
      {
        "id": 243,
        "dumbScenarioId": 9,
        "priority": 80,
        "name": "Click iceberg bypass game",
        "type": "CLICK",
        "repeatCount": 1,
        "isRepeatInfinite": false,
        "repeatDelay": 50,
        "pressDuration": 50,
        "x": 395,
        "y": 695
      }
    ]
  }
}
