{"version":1,"screenWidth":1024,"screenHeight":768,"dumbScenario":{"scenario":{"id":14,"name":"_chain","repeatCount":1,"isRepeatInfinite":true,"maxDurationMin":1,"isDurationInfinite":true,"randomize":true},"dumbActions":[{"id":461,"dumbScenarioId":14,"priority":60,"name":"Wait 10 min","type":"PAUSE","pauseDuration":600000},{"id":462,"dumbScenarioId":14,"name":"Click wemine bot","type":"CLICK","repeatCount":1,"isRepeatInfinite":false,"repeatDelay":30,"pressDuration":50,"x":150,"y":169},{"id":463,"dumbScenarioId":14,"priority":1,"name":"Wait 2","type":"PAUSE","pauseDuration":4000},{"id":464,"dumbScenarioId":14,"priority":2,"name":"Click wemine  start game","type":"CLICK","repeatCount":1,"isRepeatInfinite":false,"repeatDelay":30,"pressDuration":50,"x":388,"y":698},{"id":465,"dumbScenarioId":14,"priority":3,"name":"Wait 30s","type":"PAUSE","pauseDuration":30000},{"id":466,"dumbScenarioId":14,"priority":4,"name":"Click wemine claim","type":"CLICK","repeatCount":1,"isRepeatInfinite":false,"repeatDelay":30,"pressDuration":50,"x":465,"y":613},{"id":467,"dumbScenarioId":14,"priority":5,"name":"Wait 2","type":"PAUSE","pauseDuration":4000},{"id":468,"dumbScenarioId":14,"priority":6,"name":"Click wemine close game","type":"CLICK","repeatCount":1,"isRepeatInfinite":false,"repeatDelay":30,"pressDuration":50,"x":262,"y":55},{"id":469,"dumbScenarioId":14,"priority":7,"name":"Wait 2","type":"PAUSE","pauseDuration":4000},{"id":470,"dumbScenarioId":14,"priority":8,"name":"Click wemine close bot","type":"CLICK","repeatCount":1,"isRepeatInfinite":false,"repeatDelay":30,"pressDuration":50,"x":376,"y":56},{"id":471,"dumbScenarioId":14,"priority":9,"name":"Wait 2","type":"PAUSE","pauseDuration":4000},{"id":472,"dumbScenarioId":14,"priority":10,"name":"Click midas bot","type":"CLICK","repeatCount":1,"isRepeatInfinite":false,"repeatDelay":30,"pressDuration":50,"x":133,"y":240},{"id":473,"dumbScenarioId":14,"priority":11,"name":"Wait 4s","type":"PAUSE","pauseDuration":4000},{"id":474,"dumbScenarioId":14,"priority":12,"name":"Click midas game","type":"CLICK","repeatCount":1,"isRepeatInfinite":false,"repeatDelay":30,"pressDuration":50,"x":405,"y":698},{"id":475,"dumbScenarioId":14,"priority":13,"name":"Wait 20s","type":"PAUSE","pauseDuration":40000},{"id":476,"dumbScenarioId":14,"priority":14,"name":"Click midas continue","type":"CLICK","repeatCount":1,"isRepeatInfinite":false,"repeatDelay":30,"pressDuration":50,"x":378,"y":680},{"id":477,"dumbScenarioId":14,"priority":15,"name":"Wait 4s","type":"PAUSE","pauseDuration":4000},{"id":478,"dumbScenarioId":14,"priority":16,"name":"Click midas close game","type":"CLICK","repeatCount":1,"isRepeatInfinite":false,"repeatDelay":30,"pressDuration":50,"x":261,"y":53},{"id":479,"dumbScenarioId":14,"priority":17,"name":"Wait 4s","type":"PAUSE","pauseDuration":4000},{"id":480,"dumbScenarioId":14,"priority":18,"name":"Click midas close bot","type":"CLICK","repeatCount":1,"isRepeatInfinite":false,"repeatDelay":30,"pressDuration":50,"x":378,"y":58},{"id":481,"dumbScenarioId":14,"priority":19,"name":"Wait 4s","type":"PAUSE","pauseDuration":4000},{"id":482,"dumbScenarioId":14,"priority":20,"name":"Click iceberg bot","type":"CLICK","repeatCount":1,"isRepeatInfinite":false,"repeatDelay":50,"pressDuration":50,"x":153,"y":312},{"id":483,"dumbScenarioId":14,"priority":21,"name":"Wait 4s","type":"PAUSE","pauseDuration":4000},{"id":484,"dumbScenarioId":14,"priority":22,"name":"Click iceberg game","type":"CLICK","repeatCount":1,"isRepeatInfinite":false,"repeatDelay":50,"pressDuration":50,"x":394,"y":699},{"id":485,"dumbScenarioId":14,"priority":23,"name":"Wait 10s","type":"PAUSE","pauseDuration":10000},{"id":486,"dumbScenarioId":14,"priority":24,"name":"Click  iceberg collect points","type":"CLICK","repeatCount":1,"isRepeatInfinite":false,"repeatDelay":50,"pressDuration":50,"x":508,"y":342},{"id":487,"dumbScenarioId":14,"priority":25,"name":"Wait 4s","type":"PAUSE","pauseDuration":4000},{"id":488,"dumbScenarioId":14,"priority":26,"name":"Click iceberg tasks","type":"CLICK","repeatCount":1,"isRepeatInfinite":false,"repeatDelay":50,"pressDuration":50,"x":416,"y":676},{"id":489,"dumbScenarioId":14,"priority":27,"name":"Wait 4s","type":"PAUSE","pauseDuration":4000},{"id":490,"dumbScenarioId":14,"priority":28,"name":"Click iceberg visit partners","type":"CLICK","repeatCount":1,"isRepeatInfinite":false,"repeatDelay":50,"pressDuration":50,"x":745,"y":315},{"id":491,"dumbScenarioId":14,"priority":29,"name":"Wait 4s","type":"PAUSE","pauseDuration":4000},{"id":492,"dumbScenarioId":14,"priority":30,"name":"Click iceberg close site","type":"CLICK","repeatCount":1,"isRepeatInfinite":false,"repeatDelay":50,"pressDuration":50,"x":28,"y":57},{"id":493,"dumbScenarioId":14,"priority":35,"name":"Wait 4s","type":"PAUSE","pauseDuration":4000},{"id":494,"dumbScenarioId":14,"priority":32,"name":"Click iceberg close game","type":"CLICK","repeatCount":1,"isRepeatInfinite":false,"repeatDelay":50,"pressDuration":50,"x":262,"y":55},{"id":495,"dumbScenarioId":14,"priority":31,"name":"Wait 4s","type":"PAUSE","pauseDuration":4000},{"id":496,"dumbScenarioId":14,"priority":34,"name":"Click iceberg close bot","type":"CLICK","repeatCount":1,"isRepeatInfinite":false,"repeatDelay":50,"pressDuration":50,"x":376,"y":54},{"id":497,"dumbScenarioId":14,"priority":33,"name":"Wait 4s","type":"PAUSE","pauseDuration":4000},{"id":498,"dumbScenarioId":14,"priority":40,"name":"Click iceberg bypass close game","type":"CLICK","repeatCount":1,"isRepeatInfinite":false,"repeatDelay":50,"pressDuration":50,"x":261,"y":56},{"id":499,"dumbScenarioId":14,"priority":38,"name":"Click iceberg bypass game","type":"CLICK","repeatCount":1,"isRepeatInfinite":false,"repeatDelay":50,"pressDuration":50,"x":395,"y":695},{"id":500,"dumbScenarioId":14,"priority":36,"name":"Click iceberg bypasss bot","type":"CLICK","repeatCount":1,"isRepeatInfinite":false,"repeatDelay":30,"pressDuration":50,"x":158,"y":315},{"id":501,"dumbScenarioId":14,"priority":37,"name":"Wait 4s","type":"PAUSE","pauseDuration":4000},{"id":502,"dumbScenarioId":14,"priority":39,"name":"Wait 4s","type":"PAUSE","pauseDuration":4000},{"id":503,"dumbScenarioId":14,"priority":41,"name":"Wait 4s","type":"PAUSE","pauseDuration":4000},{"id":504,"dumbScenarioId":14,"priority":42,"name":"Click iceberg bypass close bot","type":"CLICK","repeatCount":1,"isRepeatInfinite":false,"repeatDelay":30,"pressDuration":50,"x":378,"y":56},{"id":505,"dumbScenarioId":14,"priority":43,"name":"Wait 4s","type":"PAUSE","pauseDuration":4000},{"id":506,"dumbScenarioId":14,"priority":45,"name":"Wait 4s","type":"PAUSE","pauseDuration":4000},{"id":507,"dumbScenarioId":14,"priority":44,"name":"Click farm bot","type":"CLICK","repeatCount":1,"isRepeatInfinite":false,"repeatDelay":50,"pressDuration":50,"x":156,"y":386},{"id":508,"dumbScenarioId":14,"priority":46,"name":"Click farm game","type":"CLICK","repeatCount":1,"isRepeatInfinite":false,"repeatDelay":50,"pressDuration":50,"x":400,"y":696},{"id":509,"dumbScenarioId":14,"priority":47,"name":"Wait farm 4m","type":"PAUSE","pauseDuration":240000},{"id":510,"dumbScenarioId":14,"priority":55,"name":"Click farm close game","type":"CLICK","repeatCount":1,"isRepeatInfinite":false,"repeatDelay":50,"pressDuration":50,"x":260,"y":59},{"id":511,"dumbScenarioId":14,"priority":56,"name":"Wait 4s","type":"PAUSE","pauseDuration":4000},{"id":512,"dumbScenarioId":14,"priority":57,"name":"Click farm close anyway","type":"CLICK","repeatCount":1,"isRepeatInfinite":false,"repeatDelay":50,"pressDuration":50,"x":699,"y":423},{"id":513,"dumbScenarioId":14,"priority":58,"name":"Wait 4s","type":"PAUSE","pauseDuration":4000},{"id":514,"dumbScenarioId":14,"priority":59,"name":"Click farm close bot","type":"CLICK","repeatCount":1,"isRepeatInfinite":false,"repeatDelay":50,"pressDuration":50,"x":378,"y":56},{"id":515,"dumbScenarioId":14,"priority":54,"name":"Wait 4s","type":"PAUSE","pauseDuration":4000},{"id":517,"dumbScenarioId":14,"priority":48,"name":"Wait 4s","type":"PAUSE","pauseDuration":4000},{"id":518,"dumbScenarioId":14,"priority":49,"name":"Click farm wait reward","type":"CLICK","repeatCount":1,"isRepeatInfinite":false,"repeatDelay":30,"pressDuration":50,"x":745,"y":283},{"id":519,"dumbScenarioId":14,"priority":50,"name":"Wait 10","type":"PAUSE","pauseDuration":10000},{"id":520,"dumbScenarioId":14,"priority":51,"name":"Click farm wait reward claim","type":"CLICK","repeatCount":1,"isRepeatInfinite":false,"repeatDelay":30,"pressDuration":50,"x":510,"y":584},{"id":521,"dumbScenarioId":14,"priority":52,"name":"Wait 4","type":"PAUSE","pauseDuration":4000},{"id":522,"dumbScenarioId":14,"priority":53,"name":"Click farm open 4 times","type":"CLICK","repeatCount":4,"isRepeatInfinite":false,"repeatDelay":10000,"pressDuration":50,"x":511,"y":630}]}}