{"version":1,"screenWidth":1024,"screenHeight":768,"dumbScenario":{"scenario":{"id":14,"name":"_chain","repeatCount":1,"isRepeatInfinite":true,"maxDurationMin":1,"isDurationInfinite":true,"randomize":true},"dumbActions":[{"id":461,"dumbScenarioId":14,"priority":38,"name":"Wait 10 min","type":"PAUSE","pauseDuration":600000},{"id":462,"dumbScenarioId":14,"name":"Click wemine bot","type":"CLICK","repeatCount":1,"isRepeatInfinite":false,"repeatDelay":30,"pressDuration":50,"x":150,"y":169},{"id":463,"dumbScenarioId":14,"priority":1,"name":"Wait 2","type":"PAUSE","pauseDuration":4000},{"id":464,"dumbScenarioId":14,"priority":2,"name":"Click wemine  start game","type":"CLICK","repeatCount":1,"isRepeatInfinite":false,"repeatDelay":30,"pressDuration":50,"x":388,"y":698},{"id":465,"dumbScenarioId":14,"priority":3,"name":"Wait 30s","type":"PAUSE","pauseDuration":30000},{"id":466,"dumbScenarioId":14,"priority":4,"name":"Click wemine claim","type":"CLICK","repeatCount":1,"isRepeatInfinite":false,"repeatDelay":30,"pressDuration":50,"x":465,"y":613},{"id":467,"dumbScenarioId":14,"priority":5,"name":"Wait 2","type":"PAUSE","pauseDuration":4000},{"id":468,"dumbScenarioId":14,"priority":6,"name":"Click wemine close game","type":"CLICK","repeatCount":1,"isRepeatInfinite":false,"repeatDelay":30,"pressDuration":50,"x":262,"y":55},{"id":469,"dumbScenarioId":14,"priority":7,"name":"Wait 2","type":"PAUSE","pauseDuration":4000},{"id":470,"dumbScenarioId":14,"priority":8,"name":"Click wemine close bot","type":"CLICK","repeatCount":1,"isRepeatInfinite":false,"repeatDelay":30,"pressDuration":50,"x":376,"y":56},{"id":471,"dumbScenarioId":14,"priority":9,"name":"Wait 2","type":"PAUSE","pauseDuration":4000},{"id":472,"dumbScenarioId":14,"priority":10,"name":"Click midas bot","type":"CLICK","repeatCount":1,"isRepeatInfinite":false,"repeatDelay":30,"pressDuration":50,"x":133,"y":240},{"id":473,"dumbScenarioId":14,"priority":11,"name":"Wait 4s","type":"PAUSE","pauseDuration":4000},{"id":474,"dumbScenarioId":14,"priority":12,"name":"Click midas game","type":"CLICK","repeatCount":1,"isRepeatInfinite":false,"repeatDelay":30,"pressDuration":50,"x":405,"y":698},{"id":475,"dumbScenarioId":14,"priority":13,"name":"Wait 20s","type":"PAUSE","pauseDuration":40000},{"id":476,"dumbScenarioId":14,"priority":14,"name":"Click midas continue","type":"CLICK","repeatCount":1,"isRepeatInfinite":false,"repeatDelay":30,"pressDuration":50,"x":378,"y":680},{"id":477,"dumbScenarioId":14,"priority":15,"name":"Wait 4s","type":"PAUSE","pauseDuration":4000},{"id":478,"dumbScenarioId":14,"priority":16,"name":"Click midas close game","type":"CLICK","repeatCount":1,"isRepeatInfinite":false,"repeatDelay":30,"pressDuration":50,"x":261,"y":53},{"id":479,"dumbScenarioId":14,"priority":17,"name":"Wait 4s","type":"PAUSE","pauseDuration":4000},{"id":480,"dumbScenarioId":14,"priority":18,"name":"Click midas close bot","type":"CLICK","repeatCount":1,"isRepeatInfinite":false,"repeatDelay":30,"pressDuration":50,"x":378,"y":58},{"id":481,"dumbScenarioId":14,"priority":19,"name":"Wait 4s","type":"PAUSE","pauseDuration":4000},{"id":506,"dumbScenarioId":14,"priority":21,"name":"Wait 4s","type":"PAUSE","pauseDuration":4000},{"id":507,"dumbScenarioId":14,"priority":20,"name":"Click farm bot","type":"CLICK","repeatCount":1,"isRepeatInfinite":false,"repeatDelay":50,"pressDuration":50,"x":139,"y":315},{"id":508,"dumbScenarioId":14,"priority":22,"name":"Click farm game","type":"CLICK","repeatCount":1,"isRepeatInfinite":false,"repeatDelay":50,"pressDuration":50,"x":400,"y":696},{"id":509,"dumbScenarioId":14,"priority":23,"name":"Wait farm 4m","type":"PAUSE","pauseDuration":240000},{"id":510,"dumbScenarioId":14,"priority":33,"name":"Click farm close game","type":"CLICK","repeatCount":1,"isRepeatInfinite":false,"repeatDelay":50,"pressDuration":50,"x":260,"y":59},{"id":511,"dumbScenarioId":14,"priority":30,"name":"Wait 4s","type":"PAUSE","pauseDuration":4000},{"id":512,"dumbScenarioId":14,"priority":35,"name":"Click farm close anyway","type":"CLICK","repeatCount":1,"isRepeatInfinite":false,"repeatDelay":50,"pressDuration":50,"x":699,"y":423},{"id":513,"dumbScenarioId":14,"priority":36,"name":"Wait 4s","type":"PAUSE","pauseDuration":4000},{"id":514,"dumbScenarioId":14,"priority":37,"name":"Click farm close bot","type":"CLICK","repeatCount":1,"isRepeatInfinite":false,"repeatDelay":50,"pressDuration":50,"x":378,"y":56},{"id":515,"dumbScenarioId":14,"priority":32,"name":"Wait 4s","type":"PAUSE","pauseDuration":4000},{"id":517,"dumbScenarioId":14,"priority":24,"name":"Wait 4s","type":"PAUSE","pauseDuration":4000},{"id":518,"dumbScenarioId":14,"priority":25,"name":"Click farm wait reward","type":"CLICK","repeatCount":1,"isRepeatInfinite":false,"repeatDelay":30,"pressDuration":50,"x":745,"y":283},{"id":519,"dumbScenarioId":14,"priority":26,"name":"Wait 10","type":"PAUSE","pauseDuration":10000},{"id":520,"dumbScenarioId":14,"priority":27,"name":"Click farm wait reward claim","type":"CLICK","repeatCount":1,"isRepeatInfinite":false,"repeatDelay":30,"pressDuration":50,"x":510,"y":584},{"id":521,"dumbScenarioId":14,"priority":28,"name":"Wait 4","type":"PAUSE","pauseDuration":4000},{"id":522,"dumbScenarioId":14,"priority":31,"name":"Click farm open 4 times","type":"CLICK","repeatCount":4,"isRepeatInfinite":false,"repeatDelay":10000,"pressDuration":50,"x":511,"y":630},{"id":523,"dumbScenarioId":14,"priority":29,"name":"Click farm wait reward close","type":"CLICK","repeatCount":1,"isRepeatInfinite":false,"repeatDelay":30,"pressDuration":50,"x":512,"y":660},{"id":524,"dumbScenarioId":14,"priority":34,"name":"Wait 4s","type":"PAUSE","pauseDuration":4000}]}}