{"version":1,"screenWidth":1024,"screenHeight":768,"dumbScenario":{"scenario":{"id":7,"name":"_chain_story","repeatCount":1,"isRepeatInfinite":true,"maxDurationMin":1,"isDurationInfinite":true,"randomize":true},"dumbActions":[{"id":203,"dumbScenarioId":7,"priority":94,"name":"Wait 10 min","type":"PAUSE","pauseDuration":600000},{"id":204,"dumbScenarioId":7,"name":"Click blum bot","type":"CLICK","repeatCount":1,"isRepeatInfinite":false,"repeatDelay":30,"pressDuration":50,"x":139,"y":253},{"id":205,"dumbScenarioId":7,"priority":1,"name":"Wait 4s","type":"PAUSE","pauseDuration":4000},{"id":206,"dumbScenarioId":7,"priority":2,"name":"Click blum game","type":"CLICK","repeatCount":1,"isRepeatInfinite":false,"repeatDelay":30,"pressDuration":50,"x":388,"y":698},{"id":207,"dumbScenarioId":7,"priority":3,"name":"Wait 10s","type":"PAUSE","pauseDuration":10000},{"id":208,"dumbScenarioId":7,"priority":8,"name":"Click blum points","type":"CLICK","repeatCount":1,"isRepeatInfinite":false,"repeatDelay":30,"pressDuration":50,"x":444,"y":636},{"id":209,"dumbScenarioId":7,"priority":9,"name":"Wait 4s","type":"PAUSE","pauseDuration":4000},{"id":210,"dumbScenarioId":7,"priority":10,"name":"Click blum start mining","type":"CLICK","repeatCount":2,"isRepeatInfinite":false,"repeatDelay":2000,"pressDuration":50,"x":708,"y":426},{"id":211,"dumbScenarioId":7,"priority":12,"name":"Click blum close game","type":"CLICK","repeatCount":2,"isRepeatInfinite":false,"repeatDelay":2000,"pressDuration":50,"x":262,"y":53},{"id":212,"dumbScenarioId":7,"priority":11,"name":"Wait 4s","type":"PAUSE","pauseDuration":4000},{"id":213,"dumbScenarioId":7,"priority":14,"name":"Click blum close bot ","type":"CLICK","repeatCount":1,"isRepeatInfinite":false,"repeatDelay":20,"pressDuration":20,"x":377,"y":55},{"id":214,"dumbScenarioId":7,"priority":13,"name":"Wait 4s","type":"PAUSE","pauseDuration":4000},{"id":215,"dumbScenarioId":7,"priority":15,"name":"Wait 4s","type":"PAUSE","pauseDuration":4000},{"id":216,"dumbScenarioId":7,"priority":16,"name":"Click binance bot","type":"CLICK","repeatCount":1,"isRepeatInfinite":false,"repeatDelay":30,"pressDuration":50,"x":141,"y":325},{"id":217,"dumbScenarioId":7,"priority":17,"name":"Wait 4s","type":"PAUSE","pauseDuration":4000},{"id":218,"dumbScenarioId":7,"priority":18,"name":"Click binance start ","type":"CLICK","repeatCount":1,"isRepeatInfinite":false,"repeatDelay":30,"pressDuration":50,"x":395,"y":692},{"id":219,"dumbScenarioId":7,"priority":19,"name":"Wait 15s","type":"PAUSE","pauseDuration":40000},{"id":220,"dumbScenarioId":7,"priority":20,"name":"Click binance play","type":"CLICK","repeatCount":1,"isRepeatInfinite":false,"repeatDelay":30,"pressDuration":50,"x":460,"y":511},{"id":221,"dumbScenarioId":7,"priority":21,"name":"Wait 5s","type":"PAUSE","pauseDuration":5000},{"id":222,"dumbScenarioId":7,"priority":24,"name":"Click binance close game","type":"CLICK","repeatCount":1,"isRepeatInfinite":false,"repeatDelay":20,"pressDuration":50,"x":261,"y":54},{"id":223,"dumbScenarioId":7,"priority":25,"name":"Wait 4s","type":"PAUSE","pauseDuration":4000},{"id":224,"dumbScenarioId":7,"priority":26,"name":"Click binance close bot","type":"CLICK","repeatCount":1,"isRepeatInfinite":false,"repeatDelay":30,"pressDuration":50,"x":380,"y":60},{"id":225,"dumbScenarioId":7,"priority":22,"name":"Click binance get ball","type":"CLICK","repeatCount":25,"isRepeatInfinite":false,"repeatDelay":2000,"pressDuration":50,"x":525,"y":241},{"id":226,"dumbScenarioId":7,"priority":23,"name":"Wait 4s","type":"PAUSE","pauseDuration":4000},{"id":227,"dumbScenarioId":7,"priority":27,"name":"Wait 4s","type":"PAUSE","pauseDuration":4000},{"id":228,"dumbScenarioId":7,"priority":28,"name":"Click bill  bot","type":"CLICK","repeatCount":1,"isRepeatInfinite":false,"repeatDelay":30,"pressDuration":50,"x":127,"y":392},{"id":229,"dumbScenarioId":7,"priority":29,"name":"Wait 4s","type":"PAUSE","pauseDuration":4000},{"id":230,"dumbScenarioId":7,"priority":30,"name":"Click bill play","type":"CLICK","repeatCount":1,"isRepeatInfinite":false,"repeatDelay":30,"pressDuration":50,"x":405,"y":698},{"id":231,"dumbScenarioId":7,"priority":31,"name":"Wait 60s","type":"PAUSE","pauseDuration":60000},{"id":232,"dumbScenarioId":7,"priority":32,"name":"Click bill $ repeat","type":"CLICK","repeatCount":500,"isRepeatInfinite":false,"repeatDelay":30,"pressDuration":50,"x":482,"y":402},{"id":233,"dumbScenarioId":7,"priority":33,"name":"Wait 4s","type":"PAUSE","pauseDuration":4000},{"id":234,"dumbScenarioId":7,"priority":34,"name":"Click bill close game","type":"CLICK","repeatCount":1,"isRepeatInfinite":false,"repeatDelay":30,"pressDuration":50,"x":261,"y":54},{"id":235,"dumbScenarioId":7,"priority":35,"name":"Wait 4s","type":"PAUSE","pauseDuration":4000},{"id":236,"dumbScenarioId":7,"priority":38,"name":"Click bill close bot","type":"CLICK","repeatCount":1,"isRepeatInfinite":false,"repeatDelay":30,"pressDuration":50,"x":374,"y":54},{"id":237,"dumbScenarioId":7,"priority":39,"name":"Wait 4s","type":"PAUSE","pauseDuration":4000},{"id":238,"dumbScenarioId":7,"priority":40,"name":"Click bird bot","type":"CLICK","repeatCount":1,"isRepeatInfinite":false,"repeatDelay":30,"pressDuration":50,"x":132,"y":468},{"id":239,"dumbScenarioId":7,"priority":41,"name":"Waitc2s","type":"PAUSE","pauseDuration":4000},{"id":240,"dumbScenarioId":7,"priority":42,"name":"Click bird ctart game","type":"CLICK","repeatCount":1,"isRepeatInfinite":false,"repeatDelay":30,"pressDuration":50,"x":411,"y":697},{"id":241,"dumbScenarioId":7,"priority":45,"name":"Wait 10s","type":"PAUSE","pauseDuration":10000},{"id":242,"dumbScenarioId":7,"priority":44,"name":"Swipe","type":"SWIPE","repeatCount":1,"isRepeatInfinite":false,"repeatDelay":30,"swipeDuration":1000,"fromX":741,"fromY":626,"toX":745,"toY":376},{"id":243,"dumbScenarioId":7,"priority":47,"name":"Wait 4s","type":"PAUSE","pauseDuration":4000},{"id":244,"dumbScenarioId":7,"priority":46,"name":"Click bird menu bonus","type":"CLICK","repeatCount":1,"isRepeatInfinite":false,"repeatDelay":30,"pressDuration":50,"x":717,"y":679},{"id":245,"dumbScenarioId":7,"priority":43,"name":"Wait 4s","type":"PAUSE","pauseDuration":4000},{"id":246,"dumbScenarioId":7,"priority":48,"name":"Click bird bonus","type":"CLICK","repeatCount":1,"isRepeatInfinite":false,"repeatDelay":30,"pressDuration":50,"x":516,"y":615},{"id":247,"dumbScenarioId":7,"priority":49,"name":"Wait 4s","type":"PAUSE","pauseDuration":4000},{"id":248,"dumbScenarioId":7,"priority":50,"name":"Click bird close game","type":"CLICK","repeatCount":1,"isRepeatInfinite":false,"repeatDelay":30,"pressDuration":50,"x":260,"y":56},{"id":249,"dumbScenarioId":7,"priority":51,"name":"Wait 4s","type":"PAUSE","pauseDuration":4000},{"id":250,"dumbScenarioId":7,"priority":52,"name":"Click bird close bot","type":"CLICK","repeatCount":1,"isRepeatInfinite":false,"repeatDelay":30,"pressDuration":50,"x":377,"y":55},{"id":251,"dumbScenarioId":7,"priority":53,"name":"Wait 4s","type":"PAUSE","pauseDuration":4000},{"id":252,"dumbScenarioId":7,"priority":54,"name":"Click wemine bot","type":"CLICK","repeatCount":1,"isRepeatInfinite":false,"repeatDelay":30,"pressDuration":50,"x":122,"y":540},{"id":253,"dumbScenarioId":7,"priority":55,"name":"Wait 2","type":"PAUSE","pauseDuration":4000},{"id":254,"dumbScenarioId":7,"priority":56,"name":"Click wemine  start game","type":"CLICK","repeatCount":1,"isRepeatInfinite":false,"repeatDelay":30,"pressDuration":50,"x":388,"y":698},{"id":255,"dumbScenarioId":7,"priority":57,"name":"Wait 30s","type":"PAUSE","pauseDuration":30000},{"id":256,"dumbScenarioId":7,"priority":58,"name":"Click wemine claim","type":"CLICK","repeatCount":1,"isRepeatInfinite":false,"repeatDelay":30,"pressDuration":50,"x":465,"y":613},{"id":257,"dumbScenarioId":7,"priority":59,"name":"Wait 2","type":"PAUSE","pauseDuration":4000},{"id":258,"dumbScenarioId":7,"priority":60,"name":"Click wemine close game","type":"CLICK","repeatCount":1,"isRepeatInfinite":false,"repeatDelay":30,"pressDuration":50,"x":262,"y":55},{"id":259,"dumbScenarioId":7,"priority":61,"name":"Wait 2","type":"PAUSE","pauseDuration":4000},{"id":260,"dumbScenarioId":7,"priority":62,"name":"Click wemine close bot","type":"CLICK","repeatCount":1,"isRepeatInfinite":false,"repeatDelay":30,"pressDuration":50,"x":376,"y":56},{"id":261,"dumbScenarioId":7,"priority":63,"name":"Wait 2","type":"PAUSE","pauseDuration":4000},{"id":262,"dumbScenarioId":7,"priority":4,"name":"Click blum home","type":"CLICK","repeatCount":1,"isRepeatInfinite":false,"repeatDelay":30,"pressDuration":50,"x":302,"y":681},{"id":263,"dumbScenarioId":7,"priority":5,"name":"Wait 2","type":"PAUSE","pauseDuration":4000},{"id":264,"dumbScenarioId":7,"priority":36,"name":"Click bill close anyway","type":"CLICK","repeatCount":1,"isRepeatInfinite":false,"repeatDelay":30,"pressDuration":50,"x":699,"y":423},{"id":265,"dumbScenarioId":7,"priority":37,"name":"Wait 2","type":"PAUSE","pauseDuration":4000},{"id":266,"dumbScenarioId":7,"priority":6,"name":"Click blum bonus claim","type":"CLICK","repeatCount":1,"isRepeatInfinite":false,"repeatDelay":30,"pressDuration":50,"x":691,"y":419},{"id":267,"dumbScenarioId":7,"priority":7,"name":"Wait 2","type":"PAUSE","pauseDuration":4000},{"id":268,"dumbScenarioId":7,"priority":64,"name":"Click midas bot","type":"CLICK","repeatCount":1,"isRepeatInfinite":false,"repeatDelay":30,"pressDuration":50,"x":146,"y":614},{"id":269,"dumbScenarioId":7,"priority":65,"name":"Wait 4s","type":"PAUSE","pauseDuration":4000},{"id":270,"dumbScenarioId":7,"priority":66,"name":"Click midas game","type":"CLICK","repeatCount":1,"isRepeatInfinite":false,"repeatDelay":30,"pressDuration":50,"x":405,"y":698},{"id":271,"dumbScenarioId":7,"priority":67,"name":"Wait 20s","type":"PAUSE","pauseDuration":40000},{"id":272,"dumbScenarioId":7,"priority":68,"name":"Click midas continue","type":"CLICK","repeatCount":1,"isRepeatInfinite":false,"repeatDelay":30,"pressDuration":50,"x":378,"y":680},{"id":273,"dumbScenarioId":7,"priority":69,"name":"Wait 4s","type":"PAUSE","pauseDuration":4000},{"id":274,"dumbScenarioId":7,"priority":70,"name":"Click midas close game","type":"CLICK","repeatCount":1,"isRepeatInfinite":false,"repeatDelay":30,"pressDuration":50,"x":261,"y":53},{"id":275,"dumbScenarioId":7,"priority":71,"name":"Wait 4s","type":"PAUSE","pauseDuration":4000},{"id":276,"dumbScenarioId":7,"priority":72,"name":"Click midas close bot","type":"CLICK","repeatCount":1,"isRepeatInfinite":false,"repeatDelay":30,"pressDuration":50,"x":378,"y":58},{"id":277,"dumbScenarioId":7,"priority":73,"name":"Wait 4s","type":"PAUSE","pauseDuration":4000},{"id":278,"dumbScenarioId":7,"priority":74,"name":"Click iceberg bot","type":"CLICK","repeatCount":1,"isRepeatInfinite":false,"repeatDelay":50,"pressDuration":50,"x":140,"y":682},{"id":279,"dumbScenarioId":7,"priority":75,"name":"Wait 4s","type":"PAUSE","pauseDuration":4000},{"id":280,"dumbScenarioId":7,"priority":76,"name":"Click iceberg game","type":"CLICK","repeatCount":1,"isRepeatInfinite":false,"repeatDelay":50,"pressDuration":50,"x":394,"y":699},{"id":281,"dumbScenarioId":7,"priority":81,"name":"Wait 10s","type":"PAUSE","pauseDuration":10000},{"id":282,"dumbScenarioId":7,"priority":82,"name":"Click  iceberg collect points","type":"CLICK","repeatCount":1,"isRepeatInfinite":false,"repeatDelay":50,"pressDuration":50,"x":508,"y":342},{"id":283,"dumbScenarioId":7,"priority":83,"name":"Wait 4s","type":"PAUSE","pauseDuration":4000},{"id":284,"dumbScenarioId":7,"priority":84,"name":"Click iceberg tasks","type":"CLICK","repeatCount":1,"isRepeatInfinite":false,"repeatDelay":50,"pressDuration":50,"x":416,"y":676},{"id":285,"dumbScenarioId":7,"priority":85,"name":"Wait 4s","type":"PAUSE","pauseDuration":4000},{"id":286,"dumbScenarioId":7,"priority":86,"name":"Click iceberg visit partners","type":"CLICK","repeatCount":1,"isRepeatInfinite":false,"repeatDelay":50,"pressDuration":50,"x":745,"y":315},{"id":287,"dumbScenarioId":7,"priority":87,"name":"Wait 10s","type":"PAUSE","pauseDuration":10000},{"id":288,"dumbScenarioId":7,"priority":88,"name":"Click iceberg close site","type":"CLICK","repeatCount":1,"isRepeatInfinite":false,"repeatDelay":50,"pressDuration":50,"x":28,"y":57},{"id":289,"dumbScenarioId":7,"priority":89,"name":"Wait 4s","type":"PAUSE","pauseDuration":4000},{"id":292,"dumbScenarioId":7,"priority":90,"name":"Click iceberg close game","type":"CLICK","repeatCount":1,"isRepeatInfinite":false,"repeatDelay":50,"pressDuration":50,"x":262,"y":55},{"id":293,"dumbScenarioId":7,"priority":91,"name":"Wait 4s","type":"PAUSE","pauseDuration":4000},{"id":294,"dumbScenarioId":7,"priority":92,"name":"Click iceberg close bot","type":"CLICK","repeatCount":1,"isRepeatInfinite":false,"repeatDelay":50,"pressDuration":50,"x":376,"y":54},{"id":295,"dumbScenarioId":7,"priority":93,"name":"Wait 4s","type":"PAUSE","pauseDuration":4000},{"id":296,"dumbScenarioId":7,"priority":77,"name":"Wait 4s","type":"PAUSE","pauseDuration":4000},{"id":297,"dumbScenarioId":7,"priority":78,"name":"Click iceberg bypass close game","type":"CLICK","repeatCount":1,"isRepeatInfinite":false,"repeatDelay":50,"pressDuration":50,"x":261,"y":56},{"id":298,"dumbScenarioId":7,"priority":79,"name":"Wait 4s","type":"PAUSE","pauseDuration":4000},{"id":299,"dumbScenarioId":7,"priority":80,"name":"Click iceberg bypass game","type":"CLICK","repeatCount":1,"isRepeatInfinite":false,"repeatDelay":50,"pressDuration":50,"x":395,"y":695}]}}