{"version":1,"screenWidth":1024,"screenHeight":768,"dumbScenario":{"scenario":{"id":15,"name":"_chain_story","repeatCount":1,"isRepeatInfinite":true,"maxDurationMin":1,"isDurationInfinite":true,"randomize":true},"dumbActions":[{"id":605,"dumbScenarioId":15,"priority":96,"name":"Wait 10 min","type":"PAUSE","pauseDuration":600000},{"id":606,"dumbScenarioId":15,"name":"Click blum bot","type":"CLICK","repeatCount":1,"isRepeatInfinite":false,"repeatDelay":30,"pressDuration":50,"x":136,"y":245},{"id":607,"dumbScenarioId":15,"priority":1,"name":"Wait 4s","type":"PAUSE","pauseDuration":4000},{"id":608,"dumbScenarioId":15,"priority":2,"name":"Click blum game","type":"CLICK","repeatCount":1,"isRepeatInfinite":false,"repeatDelay":30,"pressDuration":50,"x":388,"y":698},{"id":609,"dumbScenarioId":15,"priority":3,"name":"Wait 10s","type":"PAUSE","pauseDuration":10000},{"id":610,"dumbScenarioId":15,"priority":8,"name":"Click blum points","type":"CLICK","repeatCount":1,"isRepeatInfinite":false,"repeatDelay":30,"pressDuration":50,"x":444,"y":636},{"id":611,"dumbScenarioId":15,"priority":9,"name":"Wait 4s","type":"PAUSE","pauseDuration":4000},{"id":612,"dumbScenarioId":15,"priority":10,"name":"Click blum start mining","type":"CLICK","repeatCount":2,"isRepeatInfinite":false,"repeatDelay":2000,"pressDuration":50,"x":708,"y":426},{"id":613,"dumbScenarioId":15,"priority":12,"name":"Click blum close game","type":"CLICK","repeatCount":2,"isRepeatInfinite":false,"repeatDelay":2000,"pressDuration":50,"x":262,"y":53},{"id":614,"dumbScenarioId":15,"priority":11,"name":"Wait 4s","type":"PAUSE","pauseDuration":4000},{"id":615,"dumbScenarioId":15,"priority":14,"name":"Click blum close bot ","type":"CLICK","repeatCount":1,"isRepeatInfinite":false,"repeatDelay":20,"pressDuration":20,"x":377,"y":55},{"id":616,"dumbScenarioId":15,"priority":13,"name":"Wait 4s","type":"PAUSE","pauseDuration":4000},{"id":617,"dumbScenarioId":15,"priority":15,"name":"Wait 4s","type":"PAUSE","pauseDuration":4000},{"id":618,"dumbScenarioId":15,"priority":17,"name":"Wait 4s","type":"PAUSE","pauseDuration":4000},{"id":619,"dumbScenarioId":15,"priority":18,"name":"Click bill play","type":"CLICK","repeatCount":1,"isRepeatInfinite":false,"repeatDelay":30,"pressDuration":50,"x":405,"y":698},{"id":620,"dumbScenarioId":15,"priority":19,"name":"Wait 60s","type":"PAUSE","pauseDuration":60000},{"id":621,"dumbScenarioId":15,"priority":20,"name":"Click bill $ repeat","type":"CLICK","repeatCount":500,"isRepeatInfinite":false,"repeatDelay":30,"pressDuration":50,"x":482,"y":402},{"id":622,"dumbScenarioId":15,"priority":21,"name":"Wait 4s","type":"PAUSE","pauseDuration":4000},{"id":623,"dumbScenarioId":15,"priority":22,"name":"Click bill close game","type":"CLICK","repeatCount":1,"isRepeatInfinite":false,"repeatDelay":30,"pressDuration":50,"x":261,"y":54},{"id":624,"dumbScenarioId":15,"priority":23,"name":"Wait 4s","type":"PAUSE","pauseDuration":4000},{"id":625,"dumbScenarioId":15,"priority":26,"name":"Click bill close bot","type":"CLICK","repeatCount":1,"isRepeatInfinite":false,"repeatDelay":30,"pressDuration":50,"x":374,"y":54},{"id":626,"dumbScenarioId":15,"priority":27,"name":"Wait 4s","type":"PAUSE","pauseDuration":4000},{"id":627,"dumbScenarioId":15,"priority":28,"name":"Click bird bot","type":"CLICK","repeatCount":1,"isRepeatInfinite":false,"repeatDelay":30,"pressDuration":50,"x":124,"y":396},{"id":628,"dumbScenarioId":15,"priority":29,"name":"Waitc2s","type":"PAUSE","pauseDuration":4000},{"id":629,"dumbScenarioId":15,"priority":30,"name":"Click bird ctart game","type":"CLICK","repeatCount":1,"isRepeatInfinite":false,"repeatDelay":30,"pressDuration":50,"x":411,"y":697},{"id":630,"dumbScenarioId":15,"priority":31,"name":"Wait 10s","type":"PAUSE","pauseDuration":10000},{"id":631,"dumbScenarioId":15,"priority":33,"name":"Wait 4s","type":"PAUSE","pauseDuration":4000},{"id":632,"dumbScenarioId":15,"priority":32,"name":"Click bird menu bonus","type":"CLICK","repeatCount":1,"isRepeatInfinite":false,"repeatDelay":30,"pressDuration":50,"x":717,"y":679},{"id":633,"dumbScenarioId":15,"priority":34,"name":"Click bird bonus","type":"CLICK","repeatCount":1,"isRepeatInfinite":false,"repeatDelay":30,"pressDuration":50,"x":516,"y":615},{"id":634,"dumbScenarioId":15,"priority":35,"name":"Wait 4s","type":"PAUSE","pauseDuration":4000},{"id":635,"dumbScenarioId":15,"priority":36,"name":"Click bird close game","type":"CLICK","repeatCount":1,"isRepeatInfinite":false,"repeatDelay":30,"pressDuration":50,"x":260,"y":56},{"id":636,"dumbScenarioId":15,"priority":37,"name":"Wait 4s","type":"PAUSE","pauseDuration":4000},{"id":637,"dumbScenarioId":15,"priority":38,"name":"Click bird close bot","type":"CLICK","repeatCount":1,"isRepeatInfinite":false,"repeatDelay":30,"pressDuration":50,"x":377,"y":55},{"id":638,"dumbScenarioId":15,"priority":39,"name":"Wait 4s","type":"PAUSE","pauseDuration":4000},{"id":639,"dumbScenarioId":15,"priority":40,"name":"Click wemine bot","type":"CLICK","repeatCount":1,"isRepeatInfinite":false,"repeatDelay":30,"pressDuration":50,"x":137,"y":468},{"id":640,"dumbScenarioId":15,"priority":41,"name":"Wait 2","type":"PAUSE","pauseDuration":4000},{"id":641,"dumbScenarioId":15,"priority":42,"name":"Click wemine  start game","type":"CLICK","repeatCount":1,"isRepeatInfinite":false,"repeatDelay":30,"pressDuration":50,"x":388,"y":698},{"id":642,"dumbScenarioId":15,"priority":43,"name":"Wait 30s","type":"PAUSE","pauseDuration":30000},{"id":643,"dumbScenarioId":15,"priority":44,"name":"Click wemine claim","type":"CLICK","repeatCount":1,"isRepeatInfinite":false,"repeatDelay":30,"pressDuration":50,"x":465,"y":613},{"id":644,"dumbScenarioId":15,"priority":45,"name":"Wait 2","type":"PAUSE","pauseDuration":4000},{"id":645,"dumbScenarioId":15,"priority":46,"name":"Click wemine close game","type":"CLICK","repeatCount":1,"isRepeatInfinite":false,"repeatDelay":30,"pressDuration":50,"x":262,"y":55},{"id":646,"dumbScenarioId":15,"priority":47,"name":"Wait 2","type":"PAUSE","pauseDuration":4000},{"id":647,"dumbScenarioId":15,"priority":48,"name":"Click wemine close bot","type":"CLICK","repeatCount":1,"isRepeatInfinite":false,"repeatDelay":30,"pressDuration":50,"x":376,"y":56},{"id":648,"dumbScenarioId":15,"priority":49,"name":"Wait 2","type":"PAUSE","pauseDuration":4000},{"id":649,"dumbScenarioId":15,"priority":4,"name":"Click blum home","type":"CLICK","repeatCount":1,"isRepeatInfinite":false,"repeatDelay":30,"pressDuration":50,"x":302,"y":681},{"id":650,"dumbScenarioId":15,"priority":5,"name":"Wait 2","type":"PAUSE","pauseDuration":4000},{"id":651,"dumbScenarioId":15,"priority":24,"name":"Click bill close anyway","type":"CLICK","repeatCount":1,"isRepeatInfinite":false,"repeatDelay":30,"pressDuration":50,"x":699,"y":423},{"id":652,"dumbScenarioId":15,"priority":25,"name":"Wait 2","type":"PAUSE","pauseDuration":4000},{"id":653,"dumbScenarioId":15,"priority":6,"name":"Click blum bonus claim","type":"CLICK","repeatCount":1,"isRepeatInfinite":false,"repeatDelay":30,"pressDuration":50,"x":691,"y":419},{"id":654,"dumbScenarioId":15,"priority":7,"name":"Wait 2","type":"PAUSE","pauseDuration":4000},{"id":655,"dumbScenarioId":15,"priority":50,"name":"Click midas bot","type":"CLICK","repeatCount":1,"isRepeatInfinite":false,"repeatDelay":30,"pressDuration":50,"x":147,"y":543},{"id":656,"dumbScenarioId":15,"priority":51,"name":"Wait 4s","type":"PAUSE","pauseDuration":4000},{"id":657,"dumbScenarioId":15,"priority":52,"name":"Click midas game","type":"CLICK","repeatCount":1,"isRepeatInfinite":false,"repeatDelay":30,"pressDuration":50,"x":405,"y":698},{"id":658,"dumbScenarioId":15,"priority":53,"name":"Wait 20s","type":"PAUSE","pauseDuration":40000},{"id":659,"dumbScenarioId":15,"priority":54,"name":"Click midas continue","type":"CLICK","repeatCount":1,"isRepeatInfinite":false,"repeatDelay":30,"pressDuration":50,"x":378,"y":680},{"id":660,"dumbScenarioId":15,"priority":55,"name":"Wait 4s","type":"PAUSE","pauseDuration":4000},{"id":661,"dumbScenarioId":15,"priority":56,"name":"Click midas close game","type":"CLICK","repeatCount":1,"isRepeatInfinite":false,"repeatDelay":30,"pressDuration":50,"x":261,"y":53},{"id":662,"dumbScenarioId":15,"priority":57,"name":"Wait 4s","type":"PAUSE","pauseDuration":4000},{"id":663,"dumbScenarioId":15,"priority":58,"name":"Click midas close bot","type":"CLICK","repeatCount":1,"isRepeatInfinite":false,"repeatDelay":30,"pressDuration":50,"x":378,"y":58},{"id":664,"dumbScenarioId":15,"priority":59,"name":"Wait 4s","type":"PAUSE","pauseDuration":4000},{"id":665,"dumbScenarioId":15,"priority":60,"name":"Click iceberg bot","type":"CLICK","repeatCount":1,"isRepeatInfinite":false,"repeatDelay":50,"pressDuration":50,"x":145,"y":616},{"id":666,"dumbScenarioId":15,"priority":61,"name":"Wait 4s","type":"PAUSE","pauseDuration":4000},{"id":667,"dumbScenarioId":15,"priority":62,"name":"Click iceberg game","type":"CLICK","repeatCount":1,"isRepeatInfinite":false,"repeatDelay":50,"pressDuration":50,"x":394,"y":699},{"id":668,"dumbScenarioId":15,"priority":63,"name":"Wait 10s","type":"PAUSE","pauseDuration":10000},{"id":669,"dumbScenarioId":15,"priority":64,"name":"Click  iceberg collect points","type":"CLICK","repeatCount":1,"isRepeatInfinite":false,"repeatDelay":50,"pressDuration":50,"x":508,"y":342},{"id":670,"dumbScenarioId":15,"priority":65,"name":"Wait 4s","type":"PAUSE","pauseDuration":4000},{"id":671,"dumbScenarioId":15,"priority":66,"name":"Click iceberg tasks","type":"CLICK","repeatCount":1,"isRepeatInfinite":false,"repeatDelay":50,"pressDuration":50,"x":416,"y":676},{"id":672,"dumbScenarioId":15,"priority":67,"name":"Wait 4s","type":"PAUSE","pauseDuration":4000},{"id":673,"dumbScenarioId":15,"priority":68,"name":"Click iceberg visit partners","type":"CLICK","repeatCount":1,"isRepeatInfinite":false,"repeatDelay":50,"pressDuration":50,"x":745,"y":315},{"id":674,"dumbScenarioId":15,"priority":69,"name":"Wait 4s","type":"PAUSE","pauseDuration":4000},{"id":675,"dumbScenarioId":15,"priority":70,"name":"Click iceberg close site","type":"CLICK","repeatCount":1,"isRepeatInfinite":false,"repeatDelay":50,"pressDuration":50,"x":28,"y":57},{"id":676,"dumbScenarioId":15,"priority":75,"name":"Wait 4s","type":"PAUSE","pauseDuration":4000},{"id":677,"dumbScenarioId":15,"priority":72,"name":"Click iceberg close game","type":"CLICK","repeatCount":1,"isRepeatInfinite":false,"repeatDelay":50,"pressDuration":50,"x":262,"y":55},{"id":678,"dumbScenarioId":15,"priority":71,"name":"Wait 4s","type":"PAUSE","pauseDuration":4000},{"id":679,"dumbScenarioId":15,"priority":74,"name":"Click iceberg close bot","type":"CLICK","repeatCount":1,"isRepeatInfinite":false,"repeatDelay":50,"pressDuration":50,"x":376,"y":54},{"id":680,"dumbScenarioId":15,"priority":73,"name":"Wait 4s","type":"PAUSE","pauseDuration":4000},{"id":681,"dumbScenarioId":15,"priority":80,"name":"Click iceberg bypass close game","type":"CLICK","repeatCount":1,"isRepeatInfinite":false,"repeatDelay":50,"pressDuration":50,"x":261,"y":56},{"id":682,"dumbScenarioId":15,"priority":78,"name":"Click iceberg bypass game","type":"CLICK","repeatCount":1,"isRepeatInfinite":false,"repeatDelay":50,"pressDuration":50,"x":395,"y":695},{"id":683,"dumbScenarioId":15,"priority":76,"name":"Click iceberg bypasss bot","type":"CLICK","repeatCount":1,"isRepeatInfinite":false,"repeatDelay":30,"pressDuration":50,"x":167,"y":613},{"id":684,"dumbScenarioId":15,"priority":77,"name":"Wait 4s","type":"PAUSE","pauseDuration":4000},{"id":685,"dumbScenarioId":15,"priority":79,"name":"Wait 4s","type":"PAUSE","pauseDuration":4000},{"id":686,"dumbScenarioId":15,"priority":81,"name":"Wait 4s","type":"PAUSE","pauseDuration":4000},{"id":687,"dumbScenarioId":15,"priority":82,"name":"Click iceberg bypass close bot","type":"CLICK","repeatCount":1,"isRepeatInfinite":false,"repeatDelay":30,"pressDuration":50,"x":378,"y":56},{"id":688,"dumbScenarioId":15,"priority":83,"name":"Wait 4s","type":"PAUSE","pauseDuration":4000},{"id":689,"dumbScenarioId":15,"priority":16,"name":"Click bill bot","type":"CLICK","repeatCount":1,"isRepeatInfinite":false,"repeatDelay":50,"pressDuration":50,"x":124,"y":325},{"id":690,"dumbScenarioId":15,"priority":85,"name":"Wait 4s","type":"PAUSE","pauseDuration":4000},{"id":691,"dumbScenarioId":15,"priority":84,"name":"Click farm bot","type":"CLICK","repeatCount":1,"isRepeatInfinite":false,"repeatDelay":50,"pressDuration":50,"x":145,"y":687},{"id":692,"dumbScenarioId":15,"priority":86,"name":"Click farm game","type":"CLICK","repeatCount":1,"isRepeatInfinite":false,"repeatDelay":50,"pressDuration":50,"x":400,"y":696},{"id":693,"dumbScenarioId":15,"priority":87,"name":"Wait farm 4m","type":"PAUSE","pauseDuration":240000},{"id":694,"dumbScenarioId":15,"priority":90,"name":"Click farm close game","type":"CLICK","repeatCount":1,"isRepeatInfinite":false,"repeatDelay":50,"pressDuration":50,"x":260,"y":59},{"id":695,"dumbScenarioId":15,"priority":91,"name":"Wait 4s","type":"PAUSE","pauseDuration":4000},{"id":696,"dumbScenarioId":15,"priority":92,"name":"Click farm close anyway","type":"CLICK","repeatCount":1,"isRepeatInfinite":false,"repeatDelay":50,"pressDuration":50,"x":699,"y":423},{"id":697,"dumbScenarioId":15,"priority":93,"name":"Wait 4s","type":"PAUSE","pauseDuration":4000},{"id":698,"dumbScenarioId":15,"priority":94,"name":"Click farm close bot","type":"CLICK","repeatCount":1,"isRepeatInfinite":false,"repeatDelay":50,"pressDuration":50,"x":378,"y":56},{"id":699,"dumbScenarioId":15,"priority":95,"name":"Wait 4s","type":"PAUSE","pauseDuration":4000},{"id":700,"dumbScenarioId":15,"priority":88,"name":"Click farm open 10 times","type":"CLICK","repeatCount":10,"isRepeatInfinite":false,"repeatDelay":5000,"pressDuration":50,"x":512,"y":626},{"id":701,"dumbScenarioId":15,"priority":89,"name":"Wait 4s","type":"PAUSE","pauseDuration":4000}]}}