{"version":1,"screenWidth":1024,"screenHeight":768,"dumbScenario":{"scenario":{"id":13,"name":"midas","repeatCount":50,"isRepeatInfinite":false,"maxDurationMin":1,"isDurationInfinite":true,"randomize":true},"dumbActions":[{"id":455,"dumbScenarioId":13,"name":"Click","type":"CLICK","repeatCount":1,"isRepeatInfinite":false,"repeatDelay":50,"pressDuration":50,"x":498,"y":637},{"id":456,"dumbScenarioId":13,"priority":1,"name":"Wait 2","type":"PAUSE","pauseDuration":2000},{"id":457,"dumbScenarioId":13,"priority":2,"name":"Click","type":"CLICK","repeatCount":12,"isRepeatInfinite":false,"repeatDelay":500,"pressDuration":50,"x":503,"y":403},{"id":458,"dumbScenarioId":13,"priority":3,"name":"Wait 2","type":"PAUSE","pauseDuration":2000}]}}