{"version":1,"screenWidth":1024,"screenHeight":768,"dumbScenario":{"scenario":{"id":14,"name":"_chain","repeatCount":1,"isRepeatInfinite":true,"maxDurationMin":1,"isDurationInfinite":true,"randomize":true},"dumbActions":[{"id":785,"dumbScenarioId":14,"priority":61,"name":"Wait 10 min","type":"PAUSE","pauseDuration":600000},{"id":786,"dumbScenarioId":14,"name":"Click wemine bot","type":"CLICK","repeatCount":1,"isRepeatInfinite":false,"repeatDelay":30,"pressDuration":50,"x":150,"y":169},{"id":787,"dumbScenarioId":14,"priority":1,"name":"Wait 2","type":"PAUSE","pauseDuration":4000},{"id":788,"dumbScenarioId":14,"priority":2,"name":"Click wemine  start game","type":"CLICK","repeatCount":1,"isRepeatInfinite":false,"repeatDelay":30,"pressDuration":50,"x":388,"y":698},{"id":789,"dumbScenarioId":14,"priority":3,"name":"Wait 30s","type":"PAUSE","pauseDuration":30000},{"id":790,"dumbScenarioId":14,"priority":4,"name":"Click wemine claim","type":"CLICK","repeatCount":1,"isRepeatInfinite":false,"repeatDelay":30,"pressDuration":50,"x":465,"y":613},{"id":791,"dumbScenarioId":14,"priority":5,"name":"Wait 2","type":"PAUSE","pauseDuration":4000},{"id":792,"dumbScenarioId":14,"priority":6,"name":"Click wemine close game","type":"CLICK","repeatCount":1,"isRepeatInfinite":false,"repeatDelay":30,"pressDuration":50,"x":262,"y":55},{"id":793,"dumbScenarioId":14,"priority":7,"name":"Wait 2","type":"PAUSE","pauseDuration":4000},{"id":794,"dumbScenarioId":14,"priority":8,"name":"Click wemine close bot","type":"CLICK","repeatCount":1,"isRepeatInfinite":false,"repeatDelay":30,"pressDuration":50,"x":376,"y":56},{"id":795,"dumbScenarioId":14,"priority":9,"name":"Wait 2","type":"PAUSE","pauseDuration":4000},{"id":796,"dumbScenarioId":14,"priority":10,"name":"Click midas bot","type":"CLICK","repeatCount":1,"isRepeatInfinite":false,"repeatDelay":30,"pressDuration":50,"x":133,"y":240},{"id":797,"dumbScenarioId":14,"priority":11,"name":"Wait 4s","type":"PAUSE","pauseDuration":4000},{"id":798,"dumbScenarioId":14,"priority":12,"name":"Click midas game","type":"CLICK","repeatCount":1,"isRepeatInfinite":false,"repeatDelay":30,"pressDuration":50,"x":405,"y":698},{"id":799,"dumbScenarioId":14,"priority":13,"name":"Wait 20s","type":"PAUSE","pauseDuration":40000},{"id":800,"dumbScenarioId":14,"priority":14,"name":"Click midas continue","type":"CLICK","repeatCount":1,"isRepeatInfinite":false,"repeatDelay":30,"pressDuration":50,"x":378,"y":680},{"id":801,"dumbScenarioId":14,"priority":15,"name":"Wait 4s","type":"PAUSE","pauseDuration":4000},{"id":802,"dumbScenarioId":14,"priority":16,"name":"Click midas close game","type":"CLICK","repeatCount":1,"isRepeatInfinite":false,"repeatDelay":30,"pressDuration":50,"x":261,"y":53},{"id":803,"dumbScenarioId":14,"priority":17,"name":"Wait 4s","type":"PAUSE","pauseDuration":4000},{"id":804,"dumbScenarioId":14,"priority":18,"name":"Click midas close bot","type":"CLICK","repeatCount":1,"isRepeatInfinite":false,"repeatDelay":30,"pressDuration":50,"x":378,"y":58},{"id":805,"dumbScenarioId":14,"priority":19,"name":"Wait 4s","type":"PAUSE","pauseDuration":4000},{"id":806,"dumbScenarioId":14,"priority":20,"name":"Click iceberg bot","type":"CLICK","repeatCount":1,"isRepeatInfinite":false,"repeatDelay":50,"pressDuration":50,"x":153,"y":312},{"id":807,"dumbScenarioId":14,"priority":21,"name":"Wait 4s","type":"PAUSE","pauseDuration":4000},{"id":808,"dumbScenarioId":14,"priority":22,"name":"Click iceberg game","type":"CLICK","repeatCount":1,"isRepeatInfinite":false,"repeatDelay":50,"pressDuration":50,"x":394,"y":699},{"id":809,"dumbScenarioId":14,"priority":23,"name":"Wait 10s","type":"PAUSE","pauseDuration":10000},{"id":810,"dumbScenarioId":14,"priority":24,"name":"Click  iceberg collect points","type":"CLICK","repeatCount":1,"isRepeatInfinite":false,"repeatDelay":50,"pressDuration":50,"x":508,"y":342},{"id":811,"dumbScenarioId":14,"priority":25,"name":"Wait 4s","type":"PAUSE","pauseDuration":4000},{"id":812,"dumbScenarioId":14,"priority":26,"name":"Click iceberg tasks","type":"CLICK","repeatCount":1,"isRepeatInfinite":false,"repeatDelay":50,"pressDuration":50,"x":416,"y":676},{"id":813,"dumbScenarioId":14,"priority":27,"name":"Wait 4s","type":"PAUSE","pauseDuration":4000},{"id":814,"dumbScenarioId":14,"priority":28,"name":"Click iceberg visit partners","type":"CLICK","repeatCount":1,"isRepeatInfinite":false,"repeatDelay":50,"pressDuration":50,"x":745,"y":315},{"id":815,"dumbScenarioId":14,"priority":29,"name":"Wait 4s","type":"PAUSE","pauseDuration":4000},{"id":816,"dumbScenarioId":14,"priority":30,"name":"Click iceberg close site","type":"CLICK","repeatCount":1,"isRepeatInfinite":false,"repeatDelay":50,"pressDuration":50,"x":28,"y":57},{"id":817,"dumbScenarioId":14,"priority":35,"name":"Wait 4s","type":"PAUSE","pauseDuration":4000},{"id":818,"dumbScenarioId":14,"priority":32,"name":"Click iceberg close game","type":"CLICK","repeatCount":1,"isRepeatInfinite":false,"repeatDelay":50,"pressDuration":50,"x":262,"y":55},{"id":819,"dumbScenarioId":14,"priority":31,"name":"Wait 4s","type":"PAUSE","pauseDuration":4000},{"id":820,"dumbScenarioId":14,"priority":34,"name":"Click iceberg close bot","type":"CLICK","repeatCount":1,"isRepeatInfinite":false,"repeatDelay":50,"pressDuration":50,"x":376,"y":54},{"id":821,"dumbScenarioId":14,"priority":33,"name":"Wait 4s","type":"PAUSE","pauseDuration":4000},{"id":822,"dumbScenarioId":14,"priority":40,"name":"Click iceberg bypass close game","type":"CLICK","repeatCount":1,"isRepeatInfinite":false,"repeatDelay":50,"pressDuration":50,"x":261,"y":56},{"id":823,"dumbScenarioId":14,"priority":38,"name":"Click iceberg bypass game","type":"CLICK","repeatCount":1,"isRepeatInfinite":false,"repeatDelay":50,"pressDuration":50,"x":395,"y":695},{"id":824,"dumbScenarioId":14,"priority":36,"name":"Click iceberg bypasss bot","type":"CLICK","repeatCount":1,"isRepeatInfinite":false,"repeatDelay":30,"pressDuration":50,"x":158,"y":315},{"id":825,"dumbScenarioId":14,"priority":37,"name":"Wait 4s","type":"PAUSE","pauseDuration":4000},{"id":826,"dumbScenarioId":14,"priority":39,"name":"Wait 4s","type":"PAUSE","pauseDuration":4000},{"id":827,"dumbScenarioId":14,"priority":41,"name":"Wait 4s","type":"PAUSE","pauseDuration":4000},{"id":828,"dumbScenarioId":14,"priority":42,"name":"Click iceberg bypass close bot","type":"CLICK","repeatCount":1,"isRepeatInfinite":false,"repeatDelay":30,"pressDuration":50,"x":378,"y":56},{"id":829,"dumbScenarioId":14,"priority":43,"name":"Wait 4s","type":"PAUSE","pauseDuration":4000},{"id":830,"dumbScenarioId":14,"priority":45,"name":"Wait 4s","type":"PAUSE","pauseDuration":4000},{"id":831,"dumbScenarioId":14,"priority":44,"name":"Click farm bot","type":"CLICK","repeatCount":1,"isRepeatInfinite":false,"repeatDelay":50,"pressDuration":50,"x":156,"y":386},{"id":832,"dumbScenarioId":14,"priority":46,"name":"Click farm game","type":"CLICK","repeatCount":1,"isRepeatInfinite":false,"repeatDelay":50,"pressDuration":50,"x":400,"y":696},{"id":833,"dumbScenarioId":14,"priority":47,"name":"Wait farm 10m","type":"PAUSE","pauseDuration":120000},{"id":834,"dumbScenarioId":14,"priority":56,"name":"Click farm close game","type":"CLICK","repeatCount":1,"isRepeatInfinite":false,"repeatDelay":50,"pressDuration":50,"x":260,"y":59},{"id":835,"dumbScenarioId":14,"priority":57,"name":"Wait 4s","type":"PAUSE","pauseDuration":4000},{"id":836,"dumbScenarioId":14,"priority":58,"name":"Click farm close anyway","type":"CLICK","repeatCount":1,"isRepeatInfinite":false,"repeatDelay":50,"pressDuration":50,"x":699,"y":423},{"id":837,"dumbScenarioId":14,"priority":59,"name":"Wait 4s","type":"PAUSE","pauseDuration":4000},{"id":838,"dumbScenarioId":14,"priority":60,"name":"Click farm close bot","type":"CLICK","repeatCount":1,"isRepeatInfinite":false,"repeatDelay":50,"pressDuration":50,"x":378,"y":56},{"id":839,"dumbScenarioId":14,"priority":55,"name":"Wait 4s","type":"PAUSE","pauseDuration":4000},{"id":840,"dumbScenarioId":14,"priority":48,"name":"Click farm open 4 times","type":"CLICK","repeatCount":4,"isRepeatInfinite":false,"repeatDelay":10000,"pressDuration":50,"x":512,"y":626},{"id":841,"dumbScenarioId":14,"priority":49,"name":"Wait 4s","type":"PAUSE","pauseDuration":4000},{"id":842,"dumbScenarioId":14,"priority":50,"name":"Click farm event","type":"CLICK","repeatCount":1,"isRepeatInfinite":false,"repeatDelay":30,"pressDuration":50,"x":740,"y":354},{"id":843,"dumbScenarioId":14,"priority":51,"name":"Wait 4","type":"PAUSE","pauseDuration":4000},{"id":844,"dumbScenarioId":14,"priority":52,"name":"Click farm event go","type":"CLICK","repeatCount":1,"isRepeatInfinite":false,"repeatDelay":30,"pressDuration":50,"x":502,"y":552},{"id":845,"dumbScenarioId":14,"priority":53,"name":"Wait 2m","type":"PAUSE","pauseDuration":120000},{"id":846,"dumbScenarioId":14,"priority":54,"name":"Click farm event open 4 times","type":"CLICK","repeatCount":4,"isRepeatInfinite":false,"repeatDelay":10000,"pressDuration":50,"x":511,"y":630}]}}