{"version":1,"screenWidth":1024,"screenHeight":768,"dumbScenario":{"scenario":{"id":12,"name":"_chain","repeatCount":1,"isRepeatInfinite":true,"maxDurationMin":1,"isDurationInfinite":true,"randomize":true},"dumbActions":[{"id":358,"dumbScenarioId":12,"priority":56,"name":"Wait 10 min","type":"PAUSE","pauseDuration":600000},{"id":392,"dumbScenarioId":12,"name":"Click wemine bot","type":"CLICK","repeatCount":1,"isRepeatInfinite":false,"repeatDelay":30,"pressDuration":50,"x":150,"y":169},{"id":393,"dumbScenarioId":12,"priority":1,"name":"Wait 2","type":"PAUSE","pauseDuration":4000},{"id":394,"dumbScenarioId":12,"priority":2,"name":"Click wemine  start game","type":"CLICK","repeatCount":1,"isRepeatInfinite":false,"repeatDelay":30,"pressDuration":50,"x":388,"y":698},{"id":395,"dumbScenarioId":12,"priority":3,"name":"Wait 30s","type":"PAUSE","pauseDuration":30000},{"id":396,"dumbScenarioId":12,"priority":4,"name":"Click wemine claim","type":"CLICK","repeatCount":1,"isRepeatInfinite":false,"repeatDelay":30,"pressDuration":50,"x":465,"y":613},{"id":397,"dumbScenarioId":12,"priority":5,"name":"Wait 2","type":"PAUSE","pauseDuration":4000},{"id":398,"dumbScenarioId":12,"priority":6,"name":"Click wemine close game","type":"CLICK","repeatCount":1,"isRepeatInfinite":false,"repeatDelay":30,"pressDuration":50,"x":262,"y":55},{"id":399,"dumbScenarioId":12,"priority":7,"name":"Wait 2","type":"PAUSE","pauseDuration":4000},{"id":400,"dumbScenarioId":12,"priority":8,"name":"Click wemine close bot","type":"CLICK","repeatCount":1,"isRepeatInfinite":false,"repeatDelay":30,"pressDuration":50,"x":376,"y":56},{"id":401,"dumbScenarioId":12,"priority":9,"name":"Wait 2","type":"PAUSE","pauseDuration":4000},{"id":408,"dumbScenarioId":12,"priority":10,"name":"Click midas bot","type":"CLICK","repeatCount":1,"isRepeatInfinite":false,"repeatDelay":30,"pressDuration":50,"x":133,"y":240},{"id":409,"dumbScenarioId":12,"priority":11,"name":"Wait 4s","type":"PAUSE","pauseDuration":4000},{"id":410,"dumbScenarioId":12,"priority":12,"name":"Click midas game","type":"CLICK","repeatCount":1,"isRepeatInfinite":false,"repeatDelay":30,"pressDuration":50,"x":405,"y":698},{"id":411,"dumbScenarioId":12,"priority":13,"name":"Wait 20s","type":"PAUSE","pauseDuration":40000},{"id":412,"dumbScenarioId":12,"priority":14,"name":"Click midas continue","type":"CLICK","repeatCount":1,"isRepeatInfinite":false,"repeatDelay":30,"pressDuration":50,"x":378,"y":680},{"id":413,"dumbScenarioId":12,"priority":15,"name":"Wait 4s","type":"PAUSE","pauseDuration":4000},{"id":414,"dumbScenarioId":12,"priority":16,"name":"Click midas close game","type":"CLICK","repeatCount":1,"isRepeatInfinite":false,"repeatDelay":30,"pressDuration":50,"x":261,"y":53},{"id":415,"dumbScenarioId":12,"priority":17,"name":"Wait 4s","type":"PAUSE","pauseDuration":4000},{"id":416,"dumbScenarioId":12,"priority":18,"name":"Click midas close bot","type":"CLICK","repeatCount":1,"isRepeatInfinite":false,"repeatDelay":30,"pressDuration":50,"x":378,"y":58},{"id":417,"dumbScenarioId":12,"priority":19,"name":"Wait 4s","type":"PAUSE","pauseDuration":4000},{"id":418,"dumbScenarioId":12,"priority":20,"name":"Click iceberg bot","type":"CLICK","repeatCount":1,"isRepeatInfinite":false,"repeatDelay":50,"pressDuration":50,"x":153,"y":312},{"id":419,"dumbScenarioId":12,"priority":21,"name":"Wait 4s","type":"PAUSE","pauseDuration":4000},{"id":420,"dumbScenarioId":12,"priority":22,"name":"Click iceberg game","type":"CLICK","repeatCount":1,"isRepeatInfinite":false,"repeatDelay":50,"pressDuration":50,"x":394,"y":699},{"id":421,"dumbScenarioId":12,"priority":23,"name":"Wait 10s","type":"PAUSE","pauseDuration":10000},{"id":422,"dumbScenarioId":12,"priority":24,"name":"Click  iceberg collect points","type":"CLICK","repeatCount":1,"isRepeatInfinite":false,"repeatDelay":50,"pressDuration":50,"x":508,"y":342},{"id":423,"dumbScenarioId":12,"priority":25,"name":"Wait 4s","type":"PAUSE","pauseDuration":4000},{"id":424,"dumbScenarioId":12,"priority":26,"name":"Click iceberg tasks","type":"CLICK","repeatCount":1,"isRepeatInfinite":false,"repeatDelay":50,"pressDuration":50,"x":416,"y":676},{"id":425,"dumbScenarioId":12,"priority":27,"name":"Wait 4s","type":"PAUSE","pauseDuration":4000},{"id":426,"dumbScenarioId":12,"priority":28,"name":"Click iceberg visit partners","type":"CLICK","repeatCount":1,"isRepeatInfinite":false,"repeatDelay":50,"pressDuration":50,"x":745,"y":315},{"id":427,"dumbScenarioId":12,"priority":29,"name":"Wait 4s","type":"PAUSE","pauseDuration":4000},{"id":428,"dumbScenarioId":12,"priority":30,"name":"Click iceberg close site","type":"CLICK","repeatCount":1,"isRepeatInfinite":false,"repeatDelay":50,"pressDuration":50,"x":28,"y":57},{"id":429,"dumbScenarioId":12,"priority":35,"name":"Wait 4s","type":"PAUSE","pauseDuration":4000},{"id":430,"dumbScenarioId":12,"priority":32,"name":"Click iceberg close game","type":"CLICK","repeatCount":1,"isRepeatInfinite":false,"repeatDelay":50,"pressDuration":50,"x":262,"y":55},{"id":431,"dumbScenarioId":12,"priority":31,"name":"Wait 4s","type":"PAUSE","pauseDuration":4000},{"id":432,"dumbScenarioId":12,"priority":34,"name":"Click iceberg close bot","type":"CLICK","repeatCount":1,"isRepeatInfinite":false,"repeatDelay":50,"pressDuration":50,"x":376,"y":54},{"id":433,"dumbScenarioId":12,"priority":33,"name":"Wait 4s","type":"PAUSE","pauseDuration":4000},{"id":434,"dumbScenarioId":12,"priority":40,"name":"Click iceberg bypass close game","type":"CLICK","repeatCount":1,"isRepeatInfinite":false,"repeatDelay":50,"pressDuration":50,"x":261,"y":56},{"id":435,"dumbScenarioId":12,"priority":38,"name":"Click iceberg bypass game","type":"CLICK","repeatCount":1,"isRepeatInfinite":false,"repeatDelay":50,"pressDuration":50,"x":395,"y":695},{"id":436,"dumbScenarioId":12,"priority":36,"name":"Click iceberg bypasss bot","type":"CLICK","repeatCount":1,"isRepeatInfinite":false,"repeatDelay":30,"pressDuration":50,"x":158,"y":315},{"id":437,"dumbScenarioId":12,"priority":37,"name":"Wait 4s","type":"PAUSE","pauseDuration":4000},{"id":438,"dumbScenarioId":12,"priority":39,"name":"Wait 4s","type":"PAUSE","pauseDuration":4000},{"id":439,"dumbScenarioId":12,"priority":41,"name":"Wait 4s","type":"PAUSE","pauseDuration":4000},{"id":440,"dumbScenarioId":12,"priority":42,"name":"Click iceberg bypass close bot","type":"CLICK","repeatCount":1,"isRepeatInfinite":false,"repeatDelay":30,"pressDuration":50,"x":378,"y":56},{"id":441,"dumbScenarioId":12,"priority":43,"name":"Wait 4s","type":"PAUSE","pauseDuration":4000},{"id":443,"dumbScenarioId":12,"priority":45,"name":"Wait 4s","type":"PAUSE","pauseDuration":4000},{"id":444,"dumbScenarioId":12,"priority":44,"name":"Click farm bot","type":"CLICK","repeatCount":1,"isRepeatInfinite":false,"repeatDelay":50,"pressDuration":50,"x":156,"y":386},{"id":445,"dumbScenarioId":12,"priority":46,"name":"Click farm game","type":"CLICK","repeatCount":1,"isRepeatInfinite":false,"repeatDelay":50,"pressDuration":50,"x":400,"y":696},{"id":446,"dumbScenarioId":12,"priority":47,"name":"Wait farm 10m","type":"PAUSE","pauseDuration":600000},{"id":447,"dumbScenarioId":12,"priority":50,"name":"Click farm close game","type":"CLICK","repeatCount":1,"isRepeatInfinite":false,"repeatDelay":50,"pressDuration":50,"x":260,"y":59},{"id":448,"dumbScenarioId":12,"priority":51,"name":"Wait 4s","type":"PAUSE","pauseDuration":4000},{"id":449,"dumbScenarioId":12,"priority":52,"name":"Click farm close anyway","type":"CLICK","repeatCount":1,"isRepeatInfinite":false,"repeatDelay":50,"pressDuration":50,"x":699,"y":423},{"id":450,"dumbScenarioId":12,"priority":53,"name":"Wait 4s","type":"PAUSE","pauseDuration":4000},{"id":451,"dumbScenarioId":12,"priority":54,"name":"Click farm close bot","type":"CLICK","repeatCount":1,"isRepeatInfinite":false,"repeatDelay":50,"pressDuration":50,"x":378,"y":56},{"id":452,"dumbScenarioId":12,"priority":55,"name":"Wait 4s","type":"PAUSE","pauseDuration":4000},{"id":453,"dumbScenarioId":12,"priority":48,"name":"Click farm open 10 times","type":"CLICK","repeatCount":10,"isRepeatInfinite":false,"repeatDelay":5000,"pressDuration":50,"x":512,"y":626},{"id":454,"dumbScenarioId":12,"priority":49,"name":"Wait 4s","type":"PAUSE","pauseDuration":4000}]}}